   1.9580000e+03	   3.0000000e+00	   1.9582080e+03	   3.1571000e+02	   3.1571000e+02	   3.1462000e+02	  -1.0000000e+00	
   1.9580000e+03	   4.0000000e+00	   1.9582920e+03	   3.1745000e+02	   3.1745000e+02	   3.1529000e+02	  -1.0000000e+00	
   1.9580000e+03	   5.0000000e+00	   1.9583750e+03	   3.1750000e+02	   3.1750000e+02	   3.1471000e+02	  -1.0000000e+00	
   1.9580000e+03	   6.0000000e+00	   1.9584580e+03	  -9.9990000e+01	   3.1710000e+02	   3.1485000e+02	  -1.0000000e+00	
   1.9580000e+03	   7.0000000e+00	   1.9585420e+03	   3.1586000e+02	   3.1586000e+02	   3.1498000e+02	  -1.0000000e+00	
   1.9580000e+03	   8.0000000e+00	   1.9586250e+03	   3.1493000e+02	   3.1493000e+02	   3.1594000e+02	  -1.0000000e+00	
   1.9580000e+03	   9.0000000e+00	   1.9587080e+03	   3.1320000e+02	   3.1320000e+02	   3.1591000e+02	  -1.0000000e+00	
   1.9580000e+03	   1.0000000e+01	   1.9587920e+03	  -9.9990000e+01	   3.1266000e+02	   3.1561000e+02	  -1.0000000e+00	
   1.9580000e+03	   1.1000000e+01	   1.9588750e+03	   3.1333000e+02	   3.1333000e+02	   3.1531000e+02	  -1.0000000e+00	
   1.9580000e+03	   1.2000000e+01	   1.9589580e+03	   3.1467000e+02	   3.1467000e+02	   3.1561000e+02	  -1.0000000e+00	
   1.9590000e+03	   1.0000000e+00	   1.9590420e+03	   3.1562000e+02	   3.1562000e+02	   3.1570000e+02	  -1.0000000e+00	
   1.9590000e+03	   2.0000000e+00	   1.9591250e+03	   3.1638000e+02	   3.1638000e+02	   3.1588000e+02	  -1.0000000e+00	
   1.9590000e+03	   3.0000000e+00	   1.9592080e+03	   3.1671000e+02	   3.1671000e+02	   3.1562000e+02	  -1.0000000e+00	
   1.9590000e+03	   4.0000000e+00	   1.9592920e+03	   3.1772000e+02	   3.1772000e+02	   3.1556000e+02	  -1.0000000e+00	
   1.9590000e+03	   5.0000000e+00	   1.9593750e+03	   3.1829000e+02	   3.1829000e+02	   3.1550000e+02	  -1.0000000e+00	
   1.9590000e+03	   6.0000000e+00	   1.9594580e+03	   3.1815000e+02	   3.1815000e+02	   3.1592000e+02	  -1.0000000e+00	
   1.9590000e+03	   7.0000000e+00	   1.9595420e+03	   3.1654000e+02	   3.1654000e+02	   3.1566000e+02	  -1.0000000e+00	
   1.9590000e+03	   8.0000000e+00	   1.9596250e+03	   3.1480000e+02	   3.1480000e+02	   3.1581000e+02	  -1.0000000e+00	
   1.9590000e+03	   9.0000000e+00	   1.9597080e+03	   3.1384000e+02	   3.1384000e+02	   3.1655000e+02	  -1.0000000e+00	
   1.9590000e+03	   1.0000000e+01	   1.9597920e+03	   3.1326000e+02	   3.1326000e+02	   3.1619000e+02	  -1.0000000e+00	
   1.9590000e+03	   1.1000000e+01	   1.9598750e+03	   3.1480000e+02	   3.1480000e+02	   3.1678000e+02	  -1.0000000e+00	
   1.9590000e+03	   1.2000000e+01	   1.9599580e+03	   3.1558000e+02	   3.1558000e+02	   3.1652000e+02	  -1.0000000e+00	
   1.9600000e+03	   1.0000000e+00	   1.9600420e+03	   3.1643000e+02	   3.1643000e+02	   3.1651000e+02	  -1.0000000e+00	
   1.9600000e+03	   2.0000000e+00	   1.9601250e+03	   3.1697000e+02	   3.1697000e+02	   3.1647000e+02	  -1.0000000e+00	
   1.9600000e+03	   3.0000000e+00	   1.9602080e+03	   3.1758000e+02	   3.1758000e+02	   3.1649000e+02	  -1.0000000e+00	
   1.9600000e+03	   4.0000000e+00	   1.9602920e+03	   3.1902000e+02	   3.1902000e+02	   3.1686000e+02	  -1.0000000e+00	
   1.9600000e+03	   5.0000000e+00	   1.9603750e+03	   3.2003000e+02	   3.2003000e+02	   3.1724000e+02	  -1.0000000e+00	
   1.9600000e+03	   6.0000000e+00	   1.9604580e+03	   3.1959000e+02	   3.1959000e+02	   3.1736000e+02	  -1.0000000e+00	
   1.9600000e+03	   7.0000000e+00	   1.9605420e+03	   3.1818000e+02	   3.1818000e+02	   3.1730000e+02	  -1.0000000e+00	
   1.9600000e+03	   8.0000000e+00	   1.9606250e+03	   3.1591000e+02	   3.1591000e+02	   3.1692000e+02	  -1.0000000e+00	
   1.9600000e+03	   9.0000000e+00	   1.9607080e+03	   3.1416000e+02	   3.1416000e+02	   3.1687000e+02	  -1.0000000e+00	
   1.9600000e+03	   1.0000000e+01	   1.9607920e+03	   3.1383000e+02	   3.1383000e+02	   3.1676000e+02	  -1.0000000e+00	
   1.9600000e+03	   1.1000000e+01	   1.9608750e+03	   3.1500000e+02	   3.1500000e+02	   3.1698000e+02	  -1.0000000e+00	
   1.9600000e+03	   1.2000000e+01	   1.9609580e+03	   3.1619000e+02	   3.1619000e+02	   3.1713000e+02	  -1.0000000e+00	
   1.9610000e+03	   1.0000000e+00	   1.9610420e+03	   3.1693000e+02	   3.1693000e+02	   3.1703000e+02	  -1.0000000e+00	
   1.9610000e+03	   2.0000000e+00	   1.9611250e+03	   3.1770000e+02	   3.1770000e+02	   3.1728000e+02	  -1.0000000e+00	
   1.9610000e+03	   3.0000000e+00	   1.9612080e+03	   3.1854000e+02	   3.1854000e+02	   3.1747000e+02	  -1.0000000e+00	
   1.9610000e+03	   4.0000000e+00	   1.9612920e+03	   3.1948000e+02	   3.1948000e+02	   3.1727000e+02	  -1.0000000e+00	
   1.9610000e+03	   5.0000000e+00	   1.9613750e+03	   3.2058000e+02	   3.2058000e+02	   3.1770000e+02	  -1.0000000e+00	
   1.9610000e+03	   6.0000000e+00	   1.9614580e+03	   3.1977000e+02	   3.1977000e+02	   3.1748000e+02	  -1.0000000e+00	
   1.9610000e+03	   7.0000000e+00	   1.9615420e+03	   3.1857000e+02	   3.1857000e+02	   3.1770000e+02	  -1.0000000e+00	
   1.9610000e+03	   8.0000000e+00	   1.9616250e+03	   3.1679000e+02	   3.1679000e+02	   3.1780000e+02	  -1.0000000e+00	
   1.9610000e+03	   9.0000000e+00	   1.9617080e+03	   3.1480000e+02	   3.1480000e+02	   3.1749000e+02	  -1.0000000e+00	
   1.9610000e+03	   1.0000000e+01	   1.9617920e+03	   3.1538000e+02	   3.1538000e+02	   3.1835000e+02	  -1.0000000e+00	
   1.9610000e+03	   1.1000000e+01	   1.9618750e+03	   3.1610000e+02	   3.1610000e+02	   3.1813000e+02	  -1.0000000e+00	
   1.9610000e+03	   1.2000000e+01	   1.9619580e+03	   3.1701000e+02	   3.1701000e+02	   3.1794000e+02	  -1.0000000e+00	
   1.9620000e+03	   1.0000000e+00	   1.9620420e+03	   3.1794000e+02	   3.1794000e+02	   3.1806000e+02	  -1.0000000e+00	
   1.9620000e+03	   2.0000000e+00	   1.9621250e+03	   3.1856000e+02	   3.1856000e+02	   3.1811000e+02	  -1.0000000e+00	
   1.9620000e+03	   3.0000000e+00	   1.9622080e+03	   3.1968000e+02	   3.1968000e+02	   3.1857000e+02	  -1.0000000e+00	
   1.9620000e+03	   4.0000000e+00	   1.9622920e+03	   3.2063000e+02	   3.2063000e+02	   3.1845000e+02	  -1.0000000e+00	
   1.9620000e+03	   5.0000000e+00	   1.9623750e+03	   3.2101000e+02	   3.2101000e+02	   3.1820000e+02	  -1.0000000e+00	
   1.9620000e+03	   6.0000000e+00	   1.9624580e+03	   3.2055000e+02	   3.2055000e+02	   3.1827000e+02	  -1.0000000e+00	
   1.9620000e+03	   7.0000000e+00	   1.9625420e+03	   3.1958000e+02	   3.1958000e+02	   3.1867000e+02	  -1.0000000e+00	
   1.9620000e+03	   8.0000000e+00	   1.9626250e+03	   3.1740000e+02	   3.1740000e+02	   3.1848000e+02	  -1.0000000e+00	
   1.9620000e+03	   9.0000000e+00	   1.9627080e+03	   3.1626000e+02	   3.1626000e+02	   3.1903000e+02	  -1.0000000e+00	
   1.9620000e+03	   1.0000000e+01	   1.9627920e+03	   3.1542000e+02	   3.1542000e+02	   3.1833000e+02	  -1.0000000e+00	
   1.9620000e+03	   1.1000000e+01	   1.9628750e+03	   3.1669000e+02	   3.1669000e+02	   3.1862000e+02	  -1.0000000e+00	
   1.9620000e+03	   1.2000000e+01	   1.9629580e+03	   3.1769000e+02	   3.1769000e+02	   3.1861000e+02	  -1.0000000e+00	
   1.9630000e+03	   1.0000000e+00	   1.9630420e+03	   3.1874000e+02	   3.1874000e+02	   3.1891000e+02	  -1.0000000e+00	
   1.9630000e+03	   2.0000000e+00	   1.9631250e+03	   3.1908000e+02	   3.1908000e+02	   3.1868000e+02	  -1.0000000e+00	
   1.9630000e+03	   3.0000000e+00	   1.9632080e+03	   3.1986000e+02	   3.1986000e+02	   3.1869000e+02	  -1.0000000e+00	
   1.9630000e+03	   4.0000000e+00	   1.9632920e+03	   3.2139000e+02	   3.2139000e+02	   3.1909000e+02	  -1.0000000e+00	
   1.9630000e+03	   5.0000000e+00	   1.9633750e+03	   3.2225000e+02	   3.2225000e+02	   3.1939000e+02	  -1.0000000e+00	
   1.9630000e+03	   6.0000000e+00	   1.9634580e+03	   3.2147000e+02	   3.2147000e+02	   3.1916000e+02	  -1.0000000e+00	
   1.9630000e+03	   7.0000000e+00	   1.9635420e+03	   3.1974000e+02	   3.1974000e+02	   3.1877000e+02	  -1.0000000e+00	
   1.9630000e+03	   8.0000000e+00	   1.9636250e+03	   3.1777000e+02	   3.1777000e+02	   3.1883000e+02	  -1.0000000e+00	
   1.9630000e+03	   9.0000000e+00	   1.9637080e+03	   3.1621000e+02	   3.1621000e+02	   3.1906000e+02	  -1.0000000e+00	
   1.9630000e+03	   1.0000000e+01	   1.9637920e+03	   3.1599000e+02	   3.1599000e+02	   3.1900000e+02	  -1.0000000e+00	
   1.9630000e+03	   1.1000000e+01	   1.9638750e+03	   3.1712000e+02	   3.1712000e+02	   3.1910000e+02	  -1.0000000e+00	
   1.9630000e+03	   1.2000000e+01	   1.9639580e+03	   3.1831000e+02	   3.1831000e+02	   3.1925000e+02	  -1.0000000e+00	
   1.9640000e+03	   1.0000000e+00	   1.9640420e+03	   3.1957000e+02	   3.1957000e+02	   3.1967000e+02	  -1.0000000e+00	
   1.9640000e+03	   2.0000000e+00	   1.9641250e+03	  -9.9990000e+01	   3.2007000e+02	   3.1961000e+02	  -1.0000000e+00	
   1.9640000e+03	   3.0000000e+00	   1.9642080e+03	  -9.9990000e+01	   3.2073000e+02	   3.1955000e+02	  -1.0000000e+00	
   1.9640000e+03	   4.0000000e+00	   1.9642920e+03	  -9.9990000e+01	   3.2177000e+02	   3.1948000e+02	  -1.0000000e+00	
   1.9640000e+03	   5.0000000e+00	   1.9643750e+03	   3.2225000e+02	   3.2225000e+02	   3.1942000e+02	  -1.0000000e+00	
   1.9640000e+03	   6.0000000e+00	   1.9644580e+03	   3.2189000e+02	   3.2189000e+02	   3.1969000e+02	  -1.0000000e+00	
   1.9640000e+03	   7.0000000e+00	   1.9645420e+03	   3.2044000e+02	   3.2044000e+02	   3.1958000e+02	  -1.0000000e+00	
   1.9640000e+03	   8.0000000e+00	   1.9646250e+03	   3.1870000e+02	   3.1870000e+02	   3.1981000e+02	  -1.0000000e+00	
   1.9640000e+03	   9.0000000e+00	   1.9647080e+03	   3.1670000e+02	   3.1670000e+02	   3.1956000e+02	  -1.0000000e+00	
   1.9640000e+03	   1.0000000e+01	   1.9647920e+03	   3.1679000e+02	   3.1679000e+02	   3.1978000e+02	  -1.0000000e+00	
   1.9640000e+03	   1.1000000e+01	   1.9648750e+03	   3.1779000e+02	   3.1779000e+02	   3.1972000e+02	  -1.0000000e+00	
   1.9640000e+03	   1.2000000e+01	   1.9649580e+03	   3.1871000e+02	   3.1871000e+02	   3.1959000e+02	  -1.0000000e+00	
   1.9650000e+03	   1.0000000e+00	   1.9650420e+03	   3.1944000e+02	   3.1944000e+02	   3.1948000e+02	  -1.0000000e+00	
   1.9650000e+03	   2.0000000e+00	   1.9651250e+03	   3.2044000e+02	   3.2044000e+02	   3.1997000e+02	  -1.0000000e+00	
   1.9650000e+03	   3.0000000e+00	   1.9652080e+03	   3.2089000e+02	   3.2089000e+02	   3.1965000e+02	  -1.0000000e+00	
   1.9650000e+03	   4.0000000e+00	   1.9652920e+03	   3.2213000e+02	   3.2213000e+02	   3.1980000e+02	  -1.0000000e+00	
   1.9650000e+03	   5.0000000e+00	   1.9653750e+03	   3.2216000e+02	   3.2216000e+02	   3.1936000e+02	  -1.0000000e+00	
   1.9650000e+03	   6.0000000e+00	   1.9654580e+03	   3.2187000e+02	   3.2187000e+02	   3.1965000e+02	  -1.0000000e+00	
   1.9650000e+03	   7.0000000e+00	   1.9655420e+03	   3.2139000e+02	   3.2139000e+02	   3.2051000e+02	  -1.0000000e+00	
   1.9650000e+03	   8.0000000e+00	   1.9656250e+03	   3.1881000e+02	   3.1881000e+02	   3.1993000e+02	  -1.0000000e+00	
   1.9650000e+03	   9.0000000e+00	   1.9657080e+03	   3.1781000e+02	   3.1781000e+02	   3.2068000e+02	  -1.0000000e+00	
   1.9650000e+03	   1.0000000e+01	   1.9657920e+03	   3.1730000e+02	   3.1730000e+02	   3.2036000e+02	  -1.0000000e+00	
   1.9650000e+03	   1.1000000e+01	   1.9658750e+03	   3.1887000e+02	   3.1887000e+02	   3.2087000e+02	  -1.0000000e+00	
   1.9650000e+03	   1.2000000e+01	   1.9659580e+03	   3.1942000e+02	   3.1942000e+02	   3.2026000e+02	  -1.0000000e+00	
   1.9660000e+03	   1.0000000e+00	   1.9660420e+03	   3.2062000e+02	   3.2062000e+02	   3.2063000e+02	  -1.0000000e+00	
   1.9660000e+03	   2.0000000e+00	   1.9661250e+03	   3.2159000e+02	   3.2159000e+02	   3.2110000e+02	  -1.0000000e+00	
   1.9660000e+03	   3.0000000e+00	   1.9662080e+03	   3.2239000e+02	   3.2239000e+02	   3.2116000e+02	  -1.0000000e+00	
   1.9660000e+03	   4.0000000e+00	   1.9662920e+03	   3.2387000e+02	   3.2387000e+02	   3.2151000e+02	  -1.0000000e+00	
   1.9660000e+03	   5.0000000e+00	   1.9663750e+03	   3.2401000e+02	   3.2401000e+02	   3.2118000e+02	  -1.0000000e+00	
   1.9660000e+03	   6.0000000e+00	   1.9664580e+03	   3.2375000e+02	   3.2375000e+02	   3.2152000e+02	  -1.0000000e+00	
   1.9660000e+03	   7.0000000e+00	   1.9665420e+03	   3.2239000e+02	   3.2239000e+02	   3.2149000e+02	  -1.0000000e+00	
   1.9660000e+03	   8.0000000e+00	   1.9666250e+03	   3.2037000e+02	   3.2037000e+02	   3.2150000e+02	  -1.0000000e+00	
   1.9660000e+03	   9.0000000e+00	   1.9667080e+03	   3.1864000e+02	   3.1864000e+02	   3.2154000e+02	  -1.0000000e+00	
   1.9660000e+03	   1.0000000e+01	   1.9667920e+03	   3.1810000e+02	   3.1810000e+02	   3.2118000e+02	  -1.0000000e+00	
   1.9660000e+03	   1.1000000e+01	   1.9668750e+03	   3.1979000e+02	   3.1979000e+02	   3.2184000e+02	  -1.0000000e+00	
   1.9660000e+03	   1.2000000e+01	   1.9669580e+03	   3.2108000e+02	   3.2108000e+02	   3.2195000e+02	  -1.0000000e+00	
   1.9670000e+03	   1.0000000e+00	   1.9670420e+03	   3.2207000e+02	   3.2207000e+02	   3.2207000e+02	  -1.0000000e+00	
   1.9670000e+03	   2.0000000e+00	   1.9671250e+03	   3.2250000e+02	   3.2250000e+02	   3.2194000e+02	  -1.0000000e+00	
   1.9670000e+03	   3.0000000e+00	   1.9672080e+03	   3.2304000e+02	   3.2304000e+02	   3.2172000e+02	  -1.0000000e+00	
   1.9670000e+03	   4.0000000e+00	   1.9672920e+03	   3.2442000e+02	   3.2442000e+02	   3.2205000e+02	  -1.0000000e+00	
   1.9670000e+03	   5.0000000e+00	   1.9673750e+03	   3.2500000e+02	   3.2500000e+02	   3.2227000e+02	  -1.0000000e+00	
   1.9670000e+03	   6.0000000e+00	   1.9674580e+03	   3.2409000e+02	   3.2409000e+02	   3.2194000e+02	  -1.0000000e+00	
   1.9670000e+03	   7.0000000e+00	   1.9675420e+03	   3.2255000e+02	   3.2255000e+02	   3.2166000e+02	  -1.0000000e+00	
   1.9670000e+03	   8.0000000e+00	   1.9676250e+03	   3.2092000e+02	   3.2092000e+02	   3.2204000e+02	  -1.0000000e+00	
   1.9670000e+03	   9.0000000e+00	   1.9677080e+03	   3.1931000e+02	   3.1931000e+02	   3.2219000e+02	  -1.0000000e+00	
   1.9670000e+03	   1.0000000e+01	   1.9677920e+03	   3.1931000e+02	   3.1931000e+02	   3.2236000e+02	  -1.0000000e+00	
   1.9670000e+03	   1.1000000e+01	   1.9678750e+03	   3.2072000e+02	   3.2072000e+02	   3.2278000e+02	  -1.0000000e+00	
   1.9670000e+03	   1.2000000e+01	   1.9679580e+03	   3.2196000e+02	   3.2196000e+02	   3.2286000e+02	  -1.0000000e+00	
   1.9680000e+03	   1.0000000e+00	   1.9680420e+03	   3.2257000e+02	   3.2257000e+02	   3.2255000e+02	  -1.0000000e+00	
   1.9680000e+03	   2.0000000e+00	   1.9681250e+03	   3.2315000e+02	   3.2315000e+02	   3.2256000e+02	  -1.0000000e+00	
   1.9680000e+03	   3.0000000e+00	   1.9682080e+03	   3.2389000e+02	   3.2389000e+02	   3.2259000e+02	  -1.0000000e+00	
   1.9680000e+03	   4.0000000e+00	   1.9682920e+03	   3.2502000e+02	   3.2502000e+02	   3.2273000e+02	  -1.0000000e+00	
   1.9680000e+03	   5.0000000e+00	   1.9683750e+03	   3.2557000e+02	   3.2557000e+02	   3.2287000e+02	  -1.0000000e+00	
   1.9680000e+03	   6.0000000e+00	   1.9684580e+03	   3.2536000e+02	   3.2536000e+02	   3.2320000e+02	  -1.0000000e+00	
   1.9680000e+03	   7.0000000e+00	   1.9685420e+03	   3.2414000e+02	   3.2414000e+02	   3.2325000e+02	  -1.0000000e+00	
   1.9680000e+03	   8.0000000e+00	   1.9686250e+03	   3.2203000e+02	   3.2203000e+02	   3.2315000e+02	  -1.0000000e+00	
   1.9680000e+03	   9.0000000e+00	   1.9687080e+03	   3.2041000e+02	   3.2041000e+02	   3.2331000e+02	  -1.0000000e+00	
   1.9680000e+03	   1.0000000e+01	   1.9687920e+03	   3.2025000e+02	   3.2025000e+02	   3.2332000e+02	  -1.0000000e+00	
   1.9680000e+03	   1.1000000e+01	   1.9688750e+03	   3.2131000e+02	   3.2131000e+02	   3.2332000e+02	  -1.0000000e+00	
   1.9680000e+03	   1.2000000e+01	   1.9689580e+03	   3.2284000e+02	   3.2284000e+02	   3.2369000e+02	  -1.0000000e+00	
   1.9690000e+03	   1.0000000e+00	   1.9690420e+03	   3.2400000e+02	   3.2400000e+02	   3.2398000e+02	  -1.0000000e+00	
   1.9690000e+03	   2.0000000e+00	   1.9691250e+03	   3.2442000e+02	   3.2442000e+02	   3.2389000e+02	  -1.0000000e+00	
   1.9690000e+03	   3.0000000e+00	   1.9692080e+03	   3.2564000e+02	   3.2564000e+02	   3.2441000e+02	  -1.0000000e+00	
   1.9690000e+03	   4.0000000e+00	   1.9692920e+03	   3.2666000e+02	   3.2666000e+02	   3.2435000e+02	  -1.0000000e+00	
   1.9690000e+03	   5.0000000e+00	   1.9693750e+03	   3.2734000e+02	   3.2734000e+02	   3.2457000e+02	  -1.0000000e+00	
   1.9690000e+03	   6.0000000e+00	   1.9694580e+03	   3.2676000e+02	   3.2676000e+02	   3.2463000e+02	  -1.0000000e+00	
   1.9690000e+03	   7.0000000e+00	   1.9695420e+03	   3.2588000e+02	   3.2588000e+02	   3.2508000e+02	  -1.0000000e+00	
   1.9690000e+03	   8.0000000e+00	   1.9696250e+03	   3.2367000e+02	   3.2367000e+02	   3.2480000e+02	  -1.0000000e+00	
   1.9690000e+03	   9.0000000e+00	   1.9697080e+03	   3.2238000e+02	   3.2238000e+02	   3.2528000e+02	  -1.0000000e+00	
   1.9690000e+03	   1.0000000e+01	   1.9697920e+03	   3.2178000e+02	   3.2178000e+02	   3.2484000e+02	  -1.0000000e+00	
   1.9690000e+03	   1.1000000e+01	   1.9698750e+03	   3.2285000e+02	   3.2285000e+02	   3.2478000e+02	  -1.0000000e+00	
   1.9690000e+03	   1.2000000e+01	   1.9699580e+03	   3.2411000e+02	   3.2411000e+02	   3.2488000e+02	  -1.0000000e+00	
   1.9700000e+03	   1.0000000e+00	   1.9700420e+03	   3.2503000e+02	   3.2503000e+02	   3.2504000e+02	  -1.0000000e+00	
   1.9700000e+03	   2.0000000e+00	   1.9701250e+03	   3.2599000e+02	   3.2599000e+02	   3.2542000e+02	  -1.0000000e+00	
   1.9700000e+03	   3.0000000e+00	   1.9702080e+03	   3.2687000e+02	   3.2687000e+02	   3.2569000e+02	  -1.0000000e+00	
   1.9700000e+03	   4.0000000e+00	   1.9702920e+03	   3.2813000e+02	   3.2813000e+02	   3.2586000e+02	  -1.0000000e+00	
   1.9700000e+03	   5.0000000e+00	   1.9703750e+03	   3.2807000e+02	   3.2807000e+02	   3.2527000e+02	  -1.0000000e+00	
   1.9700000e+03	   6.0000000e+00	   1.9704580e+03	   3.2766000e+02	   3.2766000e+02	   3.2552000e+02	  -1.0000000e+00	
   1.9700000e+03	   7.0000000e+00	   1.9705420e+03	   3.2635000e+02	   3.2635000e+02	   3.2551000e+02	  -1.0000000e+00	
   1.9700000e+03	   8.0000000e+00	   1.9706250e+03	   3.2469000e+02	   3.2469000e+02	   3.2576000e+02	  -1.0000000e+00	
   1.9700000e+03	   9.0000000e+00	   1.9707080e+03	   3.2310000e+02	   3.2310000e+02	   3.2593000e+02	  -1.0000000e+00	
   1.9700000e+03	   1.0000000e+01	   1.9707920e+03	   3.2316000e+02	   3.2316000e+02	   3.2615000e+02	  -1.0000000e+00	
   1.9700000e+03	   1.1000000e+01	   1.9708750e+03	   3.2398000e+02	   3.2398000e+02	   3.2596000e+02	  -1.0000000e+00	
   1.9700000e+03	   1.2000000e+01	   1.9709580e+03	   3.2513000e+02	   3.2513000e+02	   3.2606000e+02	  -1.0000000e+00	
   1.9710000e+03	   1.0000000e+00	   1.9710420e+03	   3.2617000e+02	   3.2617000e+02	   3.2625000e+02	  -1.0000000e+00	
   1.9710000e+03	   2.0000000e+00	   1.9711250e+03	   3.2668000e+02	   3.2668000e+02	   3.2610000e+02	  -1.0000000e+00	
   1.9710000e+03	   3.0000000e+00	   1.9712080e+03	   3.2718000e+02	   3.2718000e+02	   3.2594000e+02	  -1.0000000e+00	
   1.9710000e+03	   4.0000000e+00	   1.9712920e+03	   3.2778000e+02	   3.2778000e+02	   3.2547000e+02	  -1.0000000e+00	
   1.9710000e+03	   5.0000000e+00	   1.9713750e+03	   3.2892000e+02	   3.2892000e+02	   3.2611000e+02	  -1.0000000e+00	
   1.9710000e+03	   6.0000000e+00	   1.9714580e+03	   3.2857000e+02	   3.2857000e+02	   3.2640000e+02	  -1.0000000e+00	
   1.9710000e+03	   7.0000000e+00	   1.9715420e+03	   3.2734000e+02	   3.2734000e+02	   3.2645000e+02	  -1.0000000e+00	
   1.9710000e+03	   8.0000000e+00	   1.9716250e+03	   3.2546000e+02	   3.2546000e+02	   3.2649000e+02	  -1.0000000e+00	
   1.9710000e+03	   9.0000000e+00	   1.9717080e+03	   3.2336000e+02	   3.2336000e+02	   3.2619000e+02	  -1.0000000e+00	
   1.9710000e+03	   1.0000000e+01	   1.9717920e+03	   3.2357000e+02	   3.2357000e+02	   3.2658000e+02	  -1.0000000e+00	
   1.9710000e+03	   1.1000000e+01	   1.9718750e+03	   3.2480000e+02	   3.2480000e+02	   3.2682000e+02	  -1.0000000e+00	
   1.9710000e+03	   1.2000000e+01	   1.9719580e+03	   3.2601000e+02	   3.2601000e+02	   3.2702000e+02	  -1.0000000e+00	
   1.9720000e+03	   1.0000000e+00	   1.9720420e+03	   3.2677000e+02	   3.2677000e+02	   3.2685000e+02	  -1.0000000e+00	
   1.9720000e+03	   2.0000000e+00	   1.9721250e+03	   3.2763000e+02	   3.2763000e+02	   3.2704000e+02	  -1.0000000e+00	
   1.9720000e+03	   3.0000000e+00	   1.9722080e+03	   3.2775000e+02	   3.2775000e+02	   3.2653000e+02	  -1.0000000e+00	
   1.9720000e+03	   4.0000000e+00	   1.9722920e+03	   3.2972000e+02	   3.2972000e+02	   3.2742000e+02	  -1.0000000e+00	
   1.9720000e+03	   5.0000000e+00	   1.9723750e+03	   3.3007000e+02	   3.3007000e+02	   3.2723000e+02	  -1.0000000e+00	
   1.9720000e+03	   6.0000000e+00	   1.9724580e+03	   3.2909000e+02	   3.2909000e+02	   3.2692000e+02	  -1.0000000e+00	
   1.9720000e+03	   7.0000000e+00	   1.9725420e+03	   3.2805000e+02	   3.2805000e+02	   3.2720000e+02	  -1.0000000e+00	
   1.9720000e+03	   8.0000000e+00	   1.9726250e+03	   3.2632000e+02	   3.2632000e+02	   3.2737000e+02	  -1.0000000e+00	
   1.9720000e+03	   9.0000000e+00	   1.9727080e+03	   3.2493000e+02	   3.2493000e+02	   3.2776000e+02	  -1.0000000e+00	
   1.9720000e+03	   1.0000000e+01	   1.9727920e+03	   3.2506000e+02	   3.2506000e+02	   3.2806000e+02	  -1.0000000e+00	
   1.9720000e+03	   1.1000000e+01	   1.9728750e+03	   3.2650000e+02	   3.2650000e+02	   3.2850000e+02	  -1.0000000e+00	
   1.9720000e+03	   1.2000000e+01	   1.9729580e+03	   3.2755000e+02	   3.2755000e+02	   3.2855000e+02	  -1.0000000e+00	
   1.9730000e+03	   1.0000000e+00	   1.9730420e+03	   3.2854000e+02	   3.2854000e+02	   3.2858000e+02	  -1.0000000e+00	
   1.9730000e+03	   2.0000000e+00	   1.9731250e+03	   3.2956000e+02	   3.2956000e+02	   3.2886000e+02	  -1.0000000e+00	
   1.9730000e+03	   3.0000000e+00	   1.9732080e+03	   3.3030000e+02	   3.3030000e+02	   3.2899000e+02	  -1.0000000e+00	
   1.9730000e+03	   4.0000000e+00	   1.9732920e+03	   3.3150000e+02	   3.3150000e+02	   3.2914000e+02	  -1.0000000e+00	
   1.9730000e+03	   5.0000000e+00	   1.9733750e+03	   3.3248000e+02	   3.3248000e+02	   3.2962000e+02	  -1.0000000e+00	
   1.9730000e+03	   6.0000000e+00	   1.9734580e+03	   3.3207000e+02	   3.3207000e+02	   3.2994000e+02	  -1.0000000e+00	
   1.9730000e+03	   7.0000000e+00	   1.9735420e+03	   3.3087000e+02	   3.3087000e+02	   3.3005000e+02	  -1.0000000e+00	
   1.9730000e+03	   8.0000000e+00	   1.9736250e+03	   3.2931000e+02	   3.2931000e+02	   3.3042000e+02	  -1.0000000e+00	
   1.9730000e+03	   9.0000000e+00	   1.9737080e+03	   3.2751000e+02	   3.2751000e+02	   3.3045000e+02	  -1.0000000e+00	
   1.9730000e+03	   1.0000000e+01	   1.9737920e+03	   3.2718000e+02	   3.2718000e+02	   3.3023000e+02	  -1.0000000e+00	
   1.9730000e+03	   1.1000000e+01	   1.9738750e+03	   3.2816000e+02	   3.2816000e+02	   3.3016000e+02	  -1.0000000e+00	
   1.9730000e+03	   1.2000000e+01	   1.9739580e+03	   3.2864000e+02	   3.2864000e+02	   3.2966000e+02	  -1.0000000e+00	
   1.9740000e+03	   1.0000000e+00	   1.9740420e+03	   3.2935000e+02	   3.2935000e+02	   3.2945000e+02	  -1.0000000e+00	
   1.9740000e+03	   2.0000000e+00	   1.9741250e+03	   3.3071000e+02	   3.3071000e+02	   3.3012000e+02	  -1.0000000e+00	
   1.9740000e+03	   3.0000000e+00	   1.9742080e+03	   3.3148000e+02	   3.3148000e+02	   3.3020000e+02	  -1.0000000e+00	
   1.9740000e+03	   4.0000000e+00	   1.9742920e+03	   3.3265000e+02	   3.3265000e+02	   3.3026000e+02	  -1.0000000e+00	
   1.9740000e+03	   5.0000000e+00	   1.9743750e+03	   3.3319000e+02	   3.3319000e+02	   3.3027000e+02	   1.4000000e+01	
   1.9740000e+03	   6.0000000e+00	   1.9744580e+03	   3.3216000e+02	   3.3216000e+02	   3.2994000e+02	   2.6000000e+01	
   1.9740000e+03	   7.0000000e+00	   1.9745420e+03	   3.3107000e+02	   3.3107000e+02	   3.3023000e+02	   2.4000000e+01	
   1.9740000e+03	   8.0000000e+00	   1.9746250e+03	   3.2912000e+02	   3.2912000e+02	   3.3026000e+02	   2.7000000e+01	
   1.9740000e+03	   9.0000000e+00	   1.9747080e+03	   3.2732000e+02	   3.2732000e+02	   3.3028000e+02	   2.4000000e+01	
   1.9740000e+03	   1.0000000e+01	   1.9747920e+03	   3.2728000e+02	   3.2728000e+02	   3.3036000e+02	   2.4000000e+01	
   1.9740000e+03	   1.1000000e+01	   1.9748750e+03	   3.2830000e+02	   3.2830000e+02	   3.3028000e+02	   2.7000000e+01	
   1.9740000e+03	   1.2000000e+01	   1.9749580e+03	   3.2958000e+02	   3.2958000e+02	   3.3055000e+02	   2.8000000e+01	
   1.9750000e+03	   1.0000000e+00	   1.9750420e+03	   3.3073000e+02	   3.3073000e+02	   3.3089000e+02	   2.9000000e+01	
   1.9750000e+03	   2.0000000e+00	   1.9751250e+03	   3.3146000e+02	   3.3146000e+02	   3.3093000e+02	   2.6000000e+01	
   1.9750000e+03	   3.0000000e+00	   1.9752080e+03	   3.3190000e+02	   3.3190000e+02	   3.3054000e+02	   1.8000000e+01	
   1.9750000e+03	   4.0000000e+00	   1.9752920e+03	   3.3317000e+02	   3.3317000e+02	   3.3067000e+02	   2.5000000e+01	
   1.9750000e+03	   5.0000000e+00	   1.9753750e+03	   3.3394000e+02	   3.3394000e+02	   3.3098000e+02	   2.8000000e+01	
   1.9750000e+03	   6.0000000e+00	   1.9754580e+03	   3.3345000e+02	   3.3345000e+02	   3.3120000e+02	   2.6000000e+01	
   1.9750000e+03	   7.0000000e+00	   1.9755420e+03	   3.3197000e+02	   3.3197000e+02	   3.3112000e+02	   2.4000000e+01	
   1.9750000e+03	   8.0000000e+00	   1.9756250e+03	   3.2995000e+02	   3.2995000e+02	   3.3111000e+02	   2.4000000e+01	
   1.9750000e+03	   9.0000000e+00	   1.9757080e+03	   3.2850000e+02	   3.2850000e+02	   3.3148000e+02	   2.3000000e+01	
   1.9750000e+03	   1.0000000e+01	   1.9757920e+03	   3.2834000e+02	   3.2834000e+02	   3.3146000e+02	   1.2000000e+01	
   1.9750000e+03	   1.1000000e+01	   1.9758750e+03	   3.2937000e+02	   3.2937000e+02	   3.3141000e+02	   1.9000000e+01	
   1.9750000e+03	   1.2000000e+01	   1.9759580e+03	  -9.9990000e+01	   3.3058000e+02	   3.3160000e+02	   0.0000000e+00	
   1.9760000e+03	   1.0000000e+00	   1.9760420e+03	   3.3159000e+02	   3.3159000e+02	   3.3179000e+02	   2.0000000e+01	
   1.9760000e+03	   2.0000000e+00	   1.9761250e+03	   3.3275000e+02	   3.3275000e+02	   3.3220000e+02	   2.2000000e+01	
   1.9760000e+03	   3.0000000e+00	   1.9762080e+03	   3.3352000e+02	   3.3352000e+02	   3.3205000e+02	   2.0000000e+01	
   1.9760000e+03	   4.0000000e+00	   1.9762920e+03	   3.3464000e+02	   3.3464000e+02	   3.3213000e+02	   1.9000000e+01	
   1.9760000e+03	   5.0000000e+00	   1.9763750e+03	   3.3477000e+02	   3.3477000e+02	   3.3184000e+02	   2.2000000e+01	
   1.9760000e+03	   6.0000000e+00	   1.9764580e+03	   3.3399000e+02	   3.3399000e+02	   3.3164000e+02	   1.7000000e+01	
   1.9760000e+03	   7.0000000e+00	   1.9765420e+03	   3.3306000e+02	   3.3306000e+02	   3.3214000e+02	   1.6000000e+01	
   1.9760000e+03	   8.0000000e+00	   1.9766250e+03	   3.3068000e+02	   3.3068000e+02	   3.3188000e+02	   2.3000000e+01	
   1.9760000e+03	   9.0000000e+00	   1.9767080e+03	   3.2895000e+02	   3.2895000e+02	   3.3194000e+02	   1.3000000e+01	
   1.9760000e+03	   1.0000000e+01	   1.9767920e+03	   3.2875000e+02	   3.2875000e+02	   3.3192000e+02	   2.0000000e+01	
   1.9760000e+03	   1.1000000e+01	   1.9768750e+03	   3.3015000e+02	   3.3015000e+02	   3.3229000e+02	   2.5000000e+01	
   1.9760000e+03	   1.2000000e+01	   1.9769580e+03	   3.3162000e+02	   3.3162000e+02	   3.3266000e+02	   2.0000000e+01	
   1.9770000e+03	   1.0000000e+00	   1.9770420e+03	   3.3266000e+02	   3.3266000e+02	   3.3276000e+02	   2.4000000e+01	
   1.9770000e+03	   2.0000000e+00	   1.9771250e+03	   3.3313000e+02	   3.3313000e+02	   3.3251000e+02	   1.9000000e+01	
   1.9770000e+03	   3.0000000e+00	   1.9772080e+03	   3.3495000e+02	   3.3495000e+02	   3.3335000e+02	   2.3000000e+01	
   1.9770000e+03	   4.0000000e+00	   1.9772920e+03	   3.3613000e+02	   3.3613000e+02	   3.3351000e+02	   2.1000000e+01	
   1.9770000e+03	   5.0000000e+00	   1.9773750e+03	   3.3693000e+02	   3.3693000e+02	   3.3398000e+02	   2.0000000e+01	
   1.9770000e+03	   6.0000000e+00	   1.9774580e+03	   3.3617000e+02	   3.3617000e+02	   3.3380000e+02	   2.2000000e+01	
   1.9770000e+03	   7.0000000e+00	   1.9775420e+03	   3.3488000e+02	   3.3488000e+02	   3.3402000e+02	   2.1000000e+01	
   1.9770000e+03	   8.0000000e+00	   1.9776250e+03	   3.3256000e+02	   3.3256000e+02	   3.3391000e+02	   1.8000000e+01	
   1.9770000e+03	   9.0000000e+00	   1.9777080e+03	   3.3129000e+02	   3.3129000e+02	   3.3436000e+02	   1.9000000e+01	
   1.9770000e+03	   1.0000000e+01	   1.9777920e+03	   3.3127000e+02	   3.3127000e+02	   3.3452000e+02	   2.3000000e+01	
   1.9770000e+03	   1.1000000e+01	   1.9778750e+03	   3.3241000e+02	   3.3241000e+02	   3.3464000e+02	   2.1000000e+01	
   1.9770000e+03	   1.2000000e+01	   1.9779580e+03	   3.3360000e+02	   3.3360000e+02	   3.3461000e+02	   2.6000000e+01	
   1.9780000e+03	   1.0000000e+00	   1.9780420e+03	   3.3495000e+02	   3.3495000e+02	   3.3501000e+02	   2.2000000e+01	
   1.9780000e+03	   2.0000000e+00	   1.9781250e+03	   3.3525000e+02	   3.3525000e+02	   3.3458000e+02	   2.5000000e+01	
   1.9780000e+03	   3.0000000e+00	   1.9782080e+03	   3.3666000e+02	   3.3666000e+02	   3.3500000e+02	   2.8000000e+01	
   1.9780000e+03	   4.0000000e+00	   1.9782920e+03	   3.3769000e+02	   3.3769000e+02	   3.3506000e+02	   1.8000000e+01	
   1.9780000e+03	   5.0000000e+00	   1.9783750e+03	   3.3803000e+02	   3.3803000e+02	   3.3506000e+02	   2.6000000e+01	
   1.9780000e+03	   6.0000000e+00	   1.9784580e+03	   3.3801000e+02	   3.3801000e+02	   3.3559000e+02	   1.7000000e+01	
   1.9780000e+03	   7.0000000e+00	   1.9785420e+03	   3.3641000e+02	   3.3641000e+02	   3.3557000e+02	   2.2000000e+01	
   1.9780000e+03	   8.0000000e+00	   1.9786250e+03	   3.3441000e+02	   3.3441000e+02	   3.3587000e+02	   1.9000000e+01	
   1.9780000e+03	   9.0000000e+00	   1.9787080e+03	   3.3237000e+02	   3.3237000e+02	   3.3551000e+02	   1.7000000e+01	
   1.9780000e+03	   1.0000000e+01	   1.9787920e+03	   3.3241000e+02	   3.3241000e+02	   3.3568000e+02	   2.3000000e+01	
   1.9780000e+03	   1.1000000e+01	   1.9788750e+03	   3.3375000e+02	   3.3375000e+02	   3.3599000e+02	   2.4000000e+01	
   1.9780000e+03	   1.2000000e+01	   1.9789580e+03	   3.3490000e+02	   3.3490000e+02	   3.3588000e+02	   2.7000000e+01	
   1.9790000e+03	   1.0000000e+00	   1.9790420e+03	   3.3614000e+02	   3.3614000e+02	   3.3622000e+02	   2.7000000e+01	
   1.9790000e+03	   2.0000000e+00	   1.9791250e+03	   3.3669000e+02	   3.3669000e+02	   3.3601000e+02	   2.6000000e+01	
   1.9790000e+03	   3.0000000e+00	   1.9792080e+03	   3.3827000e+02	   3.3827000e+02	   3.3654000e+02	   2.1000000e+01	
   1.9790000e+03	   4.0000000e+00	   1.9792920e+03	   3.3895000e+02	   3.3895000e+02	   3.3624000e+02	   2.1000000e+01	
   1.9790000e+03	   5.0000000e+00	   1.9793750e+03	   3.3921000e+02	   3.3921000e+02	   3.3621000e+02	   1.2000000e+01	
   1.9790000e+03	   6.0000000e+00	   1.9794580e+03	   3.3926000e+02	   3.3926000e+02	   3.3684000e+02	   1.9000000e+01	
   1.9790000e+03	   7.0000000e+00	   1.9795420e+03	   3.3754000e+02	   3.3754000e+02	   3.3672000e+02	   2.6000000e+01	
   1.9790000e+03	   8.0000000e+00	   1.9796250e+03	   3.3575000e+02	   3.3575000e+02	   3.3724000e+02	   2.3000000e+01	
   1.9790000e+03	   9.0000000e+00	   1.9797080e+03	   3.3398000e+02	   3.3398000e+02	   3.3720000e+02	   1.9000000e+01	
   1.9790000e+03	   1.0000000e+01	   1.9797920e+03	   3.3419000e+02	   3.3419000e+02	   3.3753000e+02	   2.4000000e+01	
   1.9790000e+03	   1.1000000e+01	   1.9798750e+03	   3.3531000e+02	   3.3531000e+02	   3.3757000e+02	   2.7000000e+01	
   1.9790000e+03	   1.2000000e+01	   1.9799580e+03	   3.3681000e+02	   3.3681000e+02	   3.3779000e+02	   2.2000000e+01	
   1.9800000e+03	   1.0000000e+00	   1.9800420e+03	   3.3790000e+02	   3.3790000e+02	   3.3809000e+02	   2.9000000e+01	
   1.9800000e+03	   2.0000000e+00	   1.9801250e+03	   3.3834000e+02	   3.3834000e+02	   3.3782000e+02	   2.6000000e+01	
   1.9800000e+03	   3.0000000e+00	   1.9802080e+03	   3.4001000e+02	   3.4001000e+02	   3.3843000e+02	   2.5000000e+01	
   1.9800000e+03	   4.0000000e+00	   1.9802920e+03	   3.4093000e+02	   3.4093000e+02	   3.3831000e+02	   2.4000000e+01	
   1.9800000e+03	   5.0000000e+00	   1.9803750e+03	   3.4148000e+02	   3.4148000e+02	   3.3843000e+02	   2.5000000e+01	
   1.9800000e+03	   6.0000000e+00	   1.9804580e+03	   3.4133000e+02	   3.4133000e+02	   3.3884000e+02	   2.2000000e+01	
   1.9800000e+03	   7.0000000e+00	   1.9805420e+03	   3.3940000e+02	   3.3940000e+02	   3.3854000e+02	   2.1000000e+01	
   1.9800000e+03	   8.0000000e+00	   1.9806250e+03	   3.3770000e+02	   3.3770000e+02	   3.3912000e+02	   1.7000000e+01	
   1.9800000e+03	   9.0000000e+00	   1.9807080e+03	   3.3619000e+02	   3.3619000e+02	   3.3933000e+02	   1.7000000e+01	
   1.9800000e+03	   1.0000000e+01	   1.9807920e+03	   3.3615000e+02	   3.3615000e+02	   3.3942000e+02	   2.5000000e+01	
   1.9800000e+03	   1.1000000e+01	   1.9808750e+03	   3.3727000e+02	   3.3727000e+02	   3.3942000e+02	   2.4000000e+01	
   1.9800000e+03	   1.2000000e+01	   1.9809580e+03	   3.3832000e+02	   3.3832000e+02	   3.3926000e+02	   1.9000000e+01	
   1.9810000e+03	   1.0000000e+00	   1.9810420e+03	   3.3929000e+02	   3.3929000e+02	   3.3938000e+02	   2.8000000e+01	
   1.9810000e+03	   2.0000000e+00	   1.9811250e+03	   3.4055000e+02	   3.4055000e+02	   3.3993000e+02	   2.5000000e+01	
   1.9810000e+03	   3.0000000e+00	   1.9812080e+03	   3.4162000e+02	   3.4162000e+02	   3.4006000e+02	   2.5000000e+01	
   1.9810000e+03	   4.0000000e+00	   1.9812920e+03	   3.4253000e+02	   3.4253000e+02	   3.3994000e+02	   2.4000000e+01	
   1.9810000e+03	   5.0000000e+00	   1.9813750e+03	   3.4303000e+02	   3.4303000e+02	   3.3998000e+02	   3.0000000e+01	
   1.9810000e+03	   6.0000000e+00	   1.9814580e+03	   3.4254000e+02	   3.4254000e+02	   3.4007000e+02	   2.5000000e+01	
   1.9810000e+03	   7.0000000e+00	   1.9815420e+03	   3.4078000e+02	   3.4078000e+02	   3.3992000e+02	   2.4000000e+01	
   1.9810000e+03	   8.0000000e+00	   1.9816250e+03	   3.3844000e+02	   3.3844000e+02	   3.3986000e+02	   2.6000000e+01	
   1.9810000e+03	   9.0000000e+00	   1.9817080e+03	   3.3695000e+02	   3.3695000e+02	   3.4017000e+02	   2.7000000e+01	
   1.9810000e+03	   1.0000000e+01	   1.9817920e+03	   3.3708000e+02	   3.3708000e+02	   3.4043000e+02	   2.8000000e+01	
   1.9810000e+03	   1.1000000e+01	   1.9818750e+03	   3.3858000e+02	   3.3858000e+02	   3.4074000e+02	   2.5000000e+01	
   1.9810000e+03	   1.2000000e+01	   1.9819580e+03	   3.3988000e+02	   3.3988000e+02	   3.4079000e+02	   1.9000000e+01	
   1.9820000e+03	   1.0000000e+00	   1.9820420e+03	   3.4096000e+02	   3.4096000e+02	   3.4110000e+02	   2.7000000e+01	
   1.9820000e+03	   2.0000000e+00	   1.9821250e+03	   3.4173000e+02	   3.4173000e+02	   3.4110000e+02	   2.3000000e+01	
   1.9820000e+03	   3.0000000e+00	   1.9822080e+03	   3.4281000e+02	   3.4281000e+02	   3.4121000e+02	   1.8000000e+01	
   1.9820000e+03	   4.0000000e+00	   1.9822920e+03	   3.4397000e+02	   3.4397000e+02	   3.4137000e+02	   8.0000000e+00	
   1.9820000e+03	   5.0000000e+00	   1.9823750e+03	   3.4463000e+02	   3.4463000e+02	   3.4156000e+02	   2.6000000e+01	
   1.9820000e+03	   6.0000000e+00	   1.9824580e+03	   3.4379000e+02	   3.4379000e+02	   3.4135000e+02	   2.6000000e+01	
   1.9820000e+03	   7.0000000e+00	   1.9825420e+03	   3.4232000e+02	   3.4232000e+02	   3.4155000e+02	   2.8000000e+01	
   1.9820000e+03	   8.0000000e+00	   1.9826250e+03	   3.4009000e+02	   3.4009000e+02	   3.4151000e+02	   2.4000000e+01	
   1.9820000e+03	   9.0000000e+00	   1.9827080e+03	   3.3828000e+02	   3.3828000e+02	   3.4147000e+02	   2.1000000e+01	
   1.9820000e+03	   1.0000000e+01	   1.9827920e+03	   3.3829000e+02	   3.3829000e+02	   3.4164000e+02	   2.6000000e+01	
   1.9820000e+03	   1.1000000e+01	   1.9828750e+03	   3.3960000e+02	   3.3960000e+02	   3.4173000e+02	   2.5000000e+01	
   1.9820000e+03	   1.2000000e+01	   1.9829580e+03	   3.4090000e+02	   3.4090000e+02	   3.4179000e+02	   2.6000000e+01	
   1.9830000e+03	   1.0000000e+00	   1.9830420e+03	   3.4168000e+02	   3.4168000e+02	   3.4184000e+02	   2.8000000e+01	
   1.9830000e+03	   2.0000000e+00	   1.9831250e+03	   3.4290000e+02	   3.4290000e+02	   3.4232000e+02	   2.4000000e+01	
   1.9830000e+03	   3.0000000e+00	   1.9832080e+03	   3.4333000e+02	   3.4333000e+02	   3.4181000e+02	   2.6000000e+01	
   1.9830000e+03	   4.0000000e+00	   1.9832920e+03	   3.4525000e+02	   3.4525000e+02	   3.4266000e+02	   2.4000000e+01	
   1.9830000e+03	   5.0000000e+00	   1.9833750e+03	   3.4603000e+02	   3.4603000e+02	   3.4287000e+02	   2.8000000e+01	
   1.9830000e+03	   6.0000000e+00	   1.9834580e+03	   3.4563000e+02	   3.4563000e+02	   3.4315000e+02	   2.0000000e+01	
   1.9830000e+03	   7.0000000e+00	   1.9835420e+03	   3.4419000e+02	   3.4419000e+02	   3.4344000e+02	   2.0000000e+01	
   1.9830000e+03	   8.0000000e+00	   1.9836250e+03	   3.4227000e+02	   3.4227000e+02	   3.4366000e+02	   1.6000000e+01	
   1.9830000e+03	   9.0000000e+00	   1.9837080e+03	   3.4035000e+02	   3.4035000e+02	   3.4349000e+02	   1.5000000e+01	
   1.9830000e+03	   1.0000000e+01	   1.9837920e+03	   3.4038000e+02	   3.4038000e+02	   3.4372000e+02	   2.0000000e+01	
   1.9830000e+03	   1.1000000e+01	   1.9838750e+03	   3.4159000e+02	   3.4159000e+02	   3.4371000e+02	   2.6000000e+01	
   1.9830000e+03	   1.2000000e+01	   1.9839580e+03	   3.4305000e+02	   3.4305000e+02	   3.4396000e+02	   1.9000000e+01	
   1.9840000e+03	   1.0000000e+00	   1.9840420e+03	   3.4410000e+02	   3.4410000e+02	   3.4420000e+02	   2.3000000e+01	
   1.9840000e+03	   2.0000000e+00	   1.9841250e+03	   3.4479000e+02	   3.4479000e+02	   3.4422000e+02	   2.3000000e+01	
   1.9840000e+03	   3.0000000e+00	   1.9842080e+03	   3.4552000e+02	   3.4552000e+02	   3.4408000e+02	   1.9000000e+01	
   1.9840000e+03	   4.0000000e+00	   1.9842920e+03	  -9.9990000e+01	   3.4684000e+02	   3.4426000e+02	   2.0000000e+00	
   1.9840000e+03	   5.0000000e+00	   1.9843750e+03	   3.4763000e+02	   3.4763000e+02	   3.4444000e+02	   2.1000000e+01	
   1.9840000e+03	   6.0000000e+00	   1.9844580e+03	   3.4698000e+02	   3.4698000e+02	   3.4451000e+02	   2.1000000e+01	
   1.9840000e+03	   7.0000000e+00	   1.9845420e+03	   3.4553000e+02	   3.4553000e+02	   3.4477000e+02	   2.1000000e+01	
   1.9840000e+03	   8.0000000e+00	   1.9846250e+03	   3.4355000e+02	   3.4355000e+02	   3.4494000e+02	   1.2000000e+01	
   1.9840000e+03	   9.0000000e+00	   1.9847080e+03	   3.4140000e+02	   3.4140000e+02	   3.4458000e+02	   1.4000000e+01	
   1.9840000e+03	   1.0000000e+01	   1.9847920e+03	   3.4167000e+02	   3.4167000e+02	   3.4501000e+02	   1.2000000e+01	
   1.9840000e+03	   1.1000000e+01	   1.9848750e+03	   3.4310000e+02	   3.4310000e+02	   3.4520000e+02	   1.8000000e+01	
   1.9840000e+03	   1.2000000e+01	   1.9849580e+03	   3.4470000e+02	   3.4470000e+02	   3.4557000e+02	   1.2000000e+01	
   1.9850000e+03	   1.0000000e+00	   1.9850420e+03	   3.4521000e+02	   3.4521000e+02	   3.4531000e+02	   2.3000000e+01	
   1.9850000e+03	   2.0000000e+00	   1.9851250e+03	   3.4616000e+02	   3.4616000e+02	   3.4561000e+02	   1.7000000e+01	
   1.9850000e+03	   3.0000000e+00	   1.9852080e+03	   3.4774000e+02	   3.4774000e+02	   3.4637000e+02	   1.6000000e+01	
   1.9850000e+03	   4.0000000e+00	   1.9852920e+03	   3.4834000e+02	   3.4834000e+02	   3.4578000e+02	   1.9000000e+01	
   1.9850000e+03	   5.0000000e+00	   1.9853750e+03	   3.4906000e+02	   3.4906000e+02	   3.4591000e+02	   2.4000000e+01	
   1.9850000e+03	   6.0000000e+00	   1.9854580e+03	   3.4838000e+02	   3.4838000e+02	   3.4594000e+02	   2.3000000e+01	
   1.9850000e+03	   7.0000000e+00	   1.9855420e+03	   3.4671000e+02	   3.4671000e+02	   3.4590000e+02	   1.8000000e+01	
   1.9850000e+03	   8.0000000e+00	   1.9856250e+03	   3.4502000e+02	   3.4502000e+02	   3.4635000e+02	   1.8000000e+01	
   1.9850000e+03	   9.0000000e+00	   1.9857080e+03	   3.4327000e+02	   3.4327000e+02	   3.4640000e+02	   2.5000000e+01	
   1.9850000e+03	   1.0000000e+01	   1.9857920e+03	   3.4313000e+02	   3.4313000e+02	   3.4642000e+02	   2.0000000e+01	
   1.9850000e+03	   1.1000000e+01	   1.9858750e+03	   3.4449000e+02	   3.4449000e+02	   3.4661000e+02	   2.2000000e+01	
   1.9850000e+03	   1.2000000e+01	   1.9859580e+03	   3.4588000e+02	   3.4588000e+02	   3.4681000e+02	   2.5000000e+01	
   1.9860000e+03	   1.0000000e+00	   1.9860420e+03	   3.4656000e+02	   3.4656000e+02	   3.4659000e+02	   2.5000000e+01	
   1.9860000e+03	   2.0000000e+00	   1.9861250e+03	   3.4728000e+02	   3.4728000e+02	   3.4674000e+02	   2.5000000e+01	
   1.9860000e+03	   3.0000000e+00	   1.9862080e+03	   3.4807000e+02	   3.4807000e+02	   3.4673000e+02	   1.6000000e+01	
   1.9860000e+03	   4.0000000e+00	   1.9862920e+03	   3.4980000e+02	   3.4980000e+02	   3.4725000e+02	   2.0000000e+01	
   1.9860000e+03	   5.0000000e+00	   1.9863750e+03	   3.5044000e+02	   3.5044000e+02	   3.4732000e+02	   1.7000000e+01	
   1.9860000e+03	   6.0000000e+00	   1.9864580e+03	   3.4993000e+02	   3.4993000e+02	   3.4753000e+02	   1.7000000e+01	
   1.9860000e+03	   7.0000000e+00	   1.9865420e+03	   3.4816000e+02	   3.4816000e+02	   3.4734000e+02	   2.0000000e+01	
   1.9860000e+03	   8.0000000e+00	   1.9866250e+03	   3.4607000e+02	   3.4607000e+02	   3.4740000e+02	   1.8000000e+01	
   1.9860000e+03	   9.0000000e+00	   1.9867080e+03	   3.4522000e+02	   3.4522000e+02	   3.4836000e+02	   1.7000000e+01	
   1.9860000e+03	   1.0000000e+01	   1.9867920e+03	   3.4451000e+02	   3.4451000e+02	   3.4777000e+02	   2.6000000e+01	
   1.9860000e+03	   1.1000000e+01	   1.9868750e+03	   3.4593000e+02	   3.4593000e+02	   3.4804000e+02	   2.3000000e+01	
   1.9860000e+03	   1.2000000e+01	   1.9869580e+03	   3.4722000e+02	   3.4722000e+02	   3.4813000e+02	   2.4000000e+01	
   1.9870000e+03	   1.0000000e+00	   1.9870420e+03	   3.4852000e+02	   3.4852000e+02	   3.4847000e+02	   2.6000000e+01	
   1.9870000e+03	   2.0000000e+00	   1.9871250e+03	   3.4873000e+02	   3.4873000e+02	   3.4802000e+02	   2.5000000e+01	
   1.9870000e+03	   3.0000000e+00	   1.9872080e+03	   3.4973000e+02	   3.4973000e+02	   3.4829000e+02	   2.2000000e+01	
   1.9870000e+03	   4.0000000e+00	   1.9872920e+03	   3.5131000e+02	   3.5131000e+02	   3.4876000e+02	   2.6000000e+01	
   1.9870000e+03	   5.0000000e+00	   1.9873750e+03	   3.5206000e+02	   3.5206000e+02	   3.4898000e+02	   2.8000000e+01	
   1.9870000e+03	   6.0000000e+00	   1.9874580e+03	   3.5152000e+02	   3.5152000e+02	   3.4919000e+02	   2.4000000e+01	
   1.9870000e+03	   7.0000000e+00	   1.9875420e+03	   3.5011000e+02	   3.5011000e+02	   3.4939000e+02	   1.6000000e+01	
   1.9870000e+03	   8.0000000e+00	   1.9876250e+03	   3.4803000e+02	   3.4803000e+02	   3.4946000e+02	   1.4000000e+01	
   1.9870000e+03	   9.0000000e+00	   1.9877080e+03	   3.4652000e+02	   3.4652000e+02	   3.4971000e+02	   2.3000000e+01	
   1.9870000e+03	   1.0000000e+01	   1.9877920e+03	   3.4659000e+02	   3.4659000e+02	   3.4986000e+02	   2.2000000e+01	
   1.9870000e+03	   1.1000000e+01	   1.9878750e+03	   3.4796000e+02	   3.4796000e+02	   3.5007000e+02	   2.2000000e+01	
   1.9870000e+03	   1.2000000e+01	   1.9879580e+03	   3.4916000e+02	   3.4916000e+02	   3.5005000e+02	   2.7000000e+01	
   1.9880000e+03	   1.0000000e+00	   1.9880420e+03	   3.5039000e+02	   3.5039000e+02	   3.5039000e+02	   2.4000000e+01	
   1.9880000e+03	   2.0000000e+00	   1.9881250e+03	   3.5164000e+02	   3.5164000e+02	   3.5094000e+02	   2.4000000e+01	
   1.9880000e+03	   3.0000000e+00	   1.9882080e+03	   3.5240000e+02	   3.5240000e+02	   3.5086000e+02	   2.5000000e+01	
   1.9880000e+03	   4.0000000e+00	   1.9882920e+03	   3.5369000e+02	   3.5369000e+02	   3.5101000e+02	   2.7000000e+01	
   1.9880000e+03	   5.0000000e+00	   1.9883750e+03	   3.5421000e+02	   3.5421000e+02	   3.5106000e+02	   2.8000000e+01	
   1.9880000e+03	   6.0000000e+00	   1.9884580e+03	   3.5373000e+02	   3.5373000e+02	   3.5138000e+02	   2.7000000e+01	
   1.9880000e+03	   7.0000000e+00	   1.9885420e+03	   3.5269000e+02	   3.5269000e+02	   3.5202000e+02	   2.7000000e+01	
   1.9880000e+03	   8.0000000e+00	   1.9886250e+03	   3.5040000e+02	   3.5040000e+02	   3.5191000e+02	   2.6000000e+01	
   1.9880000e+03	   9.0000000e+00	   1.9887080e+03	   3.4892000e+02	   3.4892000e+02	   3.5213000e+02	   2.7000000e+01	
   1.9880000e+03	   1.0000000e+01	   1.9887920e+03	   3.4913000e+02	   3.4913000e+02	   3.5241000e+02	   2.6000000e+01	
   1.9880000e+03	   1.1000000e+01	   1.9888750e+03	   3.5020000e+02	   3.5020000e+02	   3.5234000e+02	   2.5000000e+01	
   1.9880000e+03	   1.2000000e+01	   1.9889580e+03	   3.5141000e+02	   3.5141000e+02	   3.5235000e+02	   2.8000000e+01	
   1.9890000e+03	   1.0000000e+00	   1.9890420e+03	   3.5291000e+02	   3.5291000e+02	   3.5285000e+02	   2.7000000e+01	
   1.9890000e+03	   2.0000000e+00	   1.9891250e+03	   3.5328000e+02	   3.5328000e+02	   3.5255000e+02	   2.5000000e+01	
   1.9890000e+03	   3.0000000e+00	   1.9892080e+03	   3.5397000e+02	   3.5397000e+02	   3.5247000e+02	   2.9000000e+01	
   1.9890000e+03	   4.0000000e+00	   1.9892920e+03	   3.5564000e+02	   3.5564000e+02	   3.5296000e+02	   2.8000000e+01	
   1.9890000e+03	   5.0000000e+00	   1.9893750e+03	   3.5586000e+02	   3.5586000e+02	   3.5267000e+02	   2.8000000e+01	
   1.9890000e+03	   6.0000000e+00	   1.9894580e+03	   3.5537000e+02	   3.5537000e+02	   3.5297000e+02	   2.6000000e+01	
   1.9890000e+03	   7.0000000e+00	   1.9895420e+03	   3.5399000e+02	   3.5399000e+02	   3.5331000e+02	   2.5000000e+01	
   1.9890000e+03	   8.0000000e+00	   1.9896250e+03	   3.5181000e+02	   3.5181000e+02	   3.5338000e+02	   2.4000000e+01	
   1.9890000e+03	   9.0000000e+00	   1.9897080e+03	   3.5005000e+02	   3.5005000e+02	   3.5332000e+02	   2.3000000e+01	
   1.9890000e+03	   1.0000000e+01	   1.9897920e+03	   3.5025000e+02	   3.5025000e+02	   3.5352000e+02	   2.5000000e+01	
   1.9890000e+03	   1.1000000e+01	   1.9898750e+03	   3.5149000e+02	   3.5149000e+02	   3.5365000e+02	   2.7000000e+01	
   1.9890000e+03	   1.2000000e+01	   1.9899580e+03	   3.5285000e+02	   3.5285000e+02	   3.5380000e+02	   2.7000000e+01	
   1.9900000e+03	   1.0000000e+00	   1.9900420e+03	   3.5380000e+02	   3.5380000e+02	   3.5374000e+02	   2.5000000e+01	
   1.9900000e+03	   2.0000000e+00	   1.9901250e+03	   3.5504000e+02	   3.5504000e+02	   3.5432000e+02	   2.8000000e+01	
   1.9900000e+03	   3.0000000e+00	   1.9902080e+03	   3.5573000e+02	   3.5573000e+02	   3.5424000e+02	   2.8000000e+01	
   1.9900000e+03	   4.0000000e+00	   1.9902920e+03	   3.5631000e+02	   3.5631000e+02	   3.5368000e+02	   2.8000000e+01	
   1.9900000e+03	   5.0000000e+00	   1.9903750e+03	   3.5732000e+02	   3.5732000e+02	   3.5417000e+02	   2.9000000e+01	
   1.9900000e+03	   6.0000000e+00	   1.9904580e+03	   3.5634000e+02	   3.5634000e+02	   3.5396000e+02	   2.9000000e+01	
   1.9900000e+03	   7.0000000e+00	   1.9905420e+03	   3.5484000e+02	   3.5484000e+02	   3.5419000e+02	   3.0000000e+01	
   1.9900000e+03	   8.0000000e+00	   1.9906250e+03	   3.5301000e+02	   3.5301000e+02	   3.5461000e+02	   2.2000000e+01	
   1.9900000e+03	   9.0000000e+00	   1.9907080e+03	   3.5131000e+02	   3.5131000e+02	   3.5461000e+02	   2.7000000e+01	
   1.9900000e+03	   1.0000000e+01	   1.9907920e+03	   3.5162000e+02	   3.5162000e+02	   3.5488000e+02	   2.8000000e+01	
   1.9900000e+03	   1.1000000e+01	   1.9908750e+03	   3.5307000e+02	   3.5307000e+02	   3.5513000e+02	   2.4000000e+01	
   1.9900000e+03	   1.2000000e+01	   1.9909580e+03	   3.5433000e+02	   3.5433000e+02	   3.5519000e+02	   2.8000000e+01	
   1.9910000e+03	   1.0000000e+00	   1.9910420e+03	   3.5484000e+02	   3.5484000e+02	   3.5482000e+02	   2.8000000e+01	
   1.9910000e+03	   2.0000000e+00	   1.9911250e+03	   3.5573000e+02	   3.5573000e+02	   3.5502000e+02	   2.6000000e+01	
   1.9910000e+03	   3.0000000e+00	   1.9912080e+03	   3.5723000e+02	   3.5723000e+02	   3.5567000e+02	   3.0000000e+01	
   1.9910000e+03	   4.0000000e+00	   1.9912920e+03	   3.5866000e+02	   3.5866000e+02	   3.5602000e+02	   3.0000000e+01	
   1.9910000e+03	   5.0000000e+00	   1.9913750e+03	   3.5913000e+02	   3.5913000e+02	   3.5600000e+02	   2.9000000e+01	
   1.9910000e+03	   6.0000000e+00	   1.9914580e+03	   3.5813000e+02	   3.5813000e+02	   3.5579000e+02	   2.9000000e+01	
   1.9910000e+03	   7.0000000e+00	   1.9915420e+03	   3.5619000e+02	   3.5619000e+02	   3.5559000e+02	   2.4000000e+01	
   1.9910000e+03	   8.0000000e+00	   1.9916250e+03	   3.5385000e+02	   3.5385000e+02	   3.5546000e+02	   2.5000000e+01	
   1.9910000e+03	   9.0000000e+00	   1.9917080e+03	   3.5225000e+02	   3.5225000e+02	   3.5556000e+02	   2.7000000e+01	
   1.9910000e+03	   1.0000000e+01	   1.9917920e+03	   3.5235000e+02	   3.5235000e+02	   3.5562000e+02	   2.7000000e+01	
   1.9910000e+03	   1.1000000e+01	   1.9918750e+03	   3.5381000e+02	   3.5381000e+02	   3.5580000e+02	   2.8000000e+01	
   1.9910000e+03	   1.2000000e+01	   1.9919580e+03	   3.5512000e+02	   3.5512000e+02	   3.5593000e+02	   3.0000000e+01	
   1.9920000e+03	   1.0000000e+00	   1.9920420e+03	   3.5625000e+02	   3.5625000e+02	   3.5620000e+02	   3.1000000e+01	
   1.9920000e+03	   2.0000000e+00	   1.9921250e+03	   3.5711000e+02	   3.5711000e+02	   3.5638000e+02	   2.7000000e+01	
   1.9920000e+03	   3.0000000e+00	   1.9922080e+03	   3.5786000e+02	   3.5786000e+02	   3.5627000e+02	   2.4000000e+01	
   1.9920000e+03	   4.0000000e+00	   1.9922920e+03	   3.5909000e+02	   3.5909000e+02	   3.5639000e+02	   2.7000000e+01	
   1.9920000e+03	   5.0000000e+00	   1.9923750e+03	   3.5959000e+02	   3.5959000e+02	   3.5641000e+02	   2.6000000e+01	
   1.9920000e+03	   6.0000000e+00	   1.9924580e+03	   3.5933000e+02	   3.5933000e+02	   3.5697000e+02	   3.0000000e+01	
   1.9920000e+03	   7.0000000e+00	   1.9925420e+03	   3.5701000e+02	   3.5701000e+02	   3.5644000e+02	   2.6000000e+01	
   1.9920000e+03	   8.0000000e+00	   1.9926250e+03	   3.5494000e+02	   3.5494000e+02	   3.5662000e+02	   2.3000000e+01	
   1.9920000e+03	   9.0000000e+00	   1.9927080e+03	   3.5296000e+02	   3.5296000e+02	   3.5629000e+02	   2.6000000e+01	
   1.9920000e+03	   1.0000000e+01	   1.9927920e+03	   3.5332000e+02	   3.5332000e+02	   3.5663000e+02	   2.9000000e+01	
   1.9920000e+03	   1.1000000e+01	   1.9928750e+03	   3.5432000e+02	   3.5432000e+02	   3.5638000e+02	   2.9000000e+01	
   1.9920000e+03	   1.2000000e+01	   1.9929580e+03	   3.5557000e+02	   3.5557000e+02	   3.5639000e+02	   3.1000000e+01	
   1.9930000e+03	   1.0000000e+00	   1.9930420e+03	   3.5700000e+02	   3.5700000e+02	   3.5696000e+02	   2.8000000e+01	
   1.9930000e+03	   2.0000000e+00	   1.9931250e+03	   3.5731000e+02	   3.5731000e+02	   3.5644000e+02	   2.8000000e+01	
   1.9930000e+03	   3.0000000e+00	   1.9932080e+03	   3.5847000e+02	   3.5847000e+02	   3.5676000e+02	   3.0000000e+01	
   1.9930000e+03	   4.0000000e+00	   1.9932920e+03	   3.5927000e+02	   3.5927000e+02	   3.5659000e+02	   2.5000000e+01	
   1.9930000e+03	   5.0000000e+00	   1.9933750e+03	   3.6019000e+02	   3.6019000e+02	   3.5703000e+02	   3.0000000e+01	
   1.9930000e+03	   6.0000000e+00	   1.9934580e+03	   3.5952000e+02	   3.5952000e+02	   3.5712000e+02	   2.8000000e+01	
   1.9930000e+03	   7.0000000e+00	   1.9935420e+03	   3.5733000e+02	   3.5733000e+02	   3.5676000e+02	   2.5000000e+01	
   1.9930000e+03	   8.0000000e+00	   1.9936250e+03	   3.5564000e+02	   3.5564000e+02	   3.5732000e+02	   2.7000000e+01	
   1.9930000e+03	   9.0000000e+00	   1.9937080e+03	   3.5403000e+02	   3.5403000e+02	   3.5739000e+02	   2.3000000e+01	
   1.9930000e+03	   1.0000000e+01	   1.9937920e+03	   3.5412000e+02	   3.5412000e+02	   3.5749000e+02	   2.8000000e+01	
   1.9930000e+03	   1.1000000e+01	   1.9938750e+03	   3.5541000e+02	   3.5541000e+02	   3.5754000e+02	   2.9000000e+01	
   1.9930000e+03	   1.2000000e+01	   1.9939580e+03	   3.5691000e+02	   3.5691000e+02	   3.5780000e+02	   3.0000000e+01	
   1.9940000e+03	   1.0000000e+00	   1.9940420e+03	   3.5824000e+02	   3.5824000e+02	   3.5813000e+02	   2.7000000e+01	
   1.9940000e+03	   2.0000000e+00	   1.9941250e+03	   3.5892000e+02	   3.5892000e+02	   3.5809000e+02	   2.5000000e+01	
   1.9940000e+03	   3.0000000e+00	   1.9942080e+03	   3.5999000e+02	   3.5999000e+02	   3.5829000e+02	   2.9000000e+01	
   1.9940000e+03	   4.0000000e+00	   1.9942920e+03	   3.6123000e+02	   3.6123000e+02	   3.5846000e+02	   2.8000000e+01	
   1.9940000e+03	   5.0000000e+00	   1.9943750e+03	   3.6165000e+02	   3.6165000e+02	   3.5846000e+02	   3.0000000e+01	
   1.9940000e+03	   6.0000000e+00	   1.9944580e+03	   3.6081000e+02	   3.6081000e+02	   3.5844000e+02	   2.7000000e+01	
   1.9940000e+03	   7.0000000e+00	   1.9945420e+03	   3.5938000e+02	   3.5938000e+02	   3.5879000e+02	   3.1000000e+01	
   1.9940000e+03	   8.0000000e+00	   1.9946250e+03	   3.5746000e+02	   3.5746000e+02	   3.5916000e+02	   2.4000000e+01	
   1.9940000e+03	   9.0000000e+00	   1.9947080e+03	   3.5573000e+02	   3.5573000e+02	   3.5917000e+02	   2.4000000e+01	
   1.9940000e+03	   1.0000000e+01	   1.9947920e+03	   3.5608000e+02	   3.5608000e+02	   3.5949000e+02	   2.8000000e+01	
   1.9940000e+03	   1.1000000e+01	   1.9948750e+03	   3.5753000e+02	   3.5753000e+02	   3.5968000e+02	   2.8000000e+01	
   1.9940000e+03	   1.2000000e+01	   1.9949580e+03	   3.5898000e+02	   3.5898000e+02	   3.5983000e+02	   2.8000000e+01	
   1.9950000e+03	   1.0000000e+00	   1.9950420e+03	   3.5992000e+02	   3.5992000e+02	   3.5979000e+02	   3.0000000e+01	
   1.9950000e+03	   2.0000000e+00	   1.9951250e+03	   3.6086000e+02	   3.6086000e+02	   3.6005000e+02	   2.8000000e+01	
   1.9950000e+03	   3.0000000e+00	   1.9952080e+03	   3.6183000e+02	   3.6183000e+02	   3.6022000e+02	   2.9000000e+01	
   1.9950000e+03	   4.0000000e+00	   1.9952920e+03	   3.6330000e+02	   3.6330000e+02	   3.6062000e+02	   2.9000000e+01	
   1.9950000e+03	   5.0000000e+00	   1.9953750e+03	   3.6369000e+02	   3.6369000e+02	   3.6058000e+02	   2.9000000e+01	
   1.9950000e+03	   6.0000000e+00	   1.9954580e+03	   3.6319000e+02	   3.6319000e+02	   3.6084000e+02	   2.7000000e+01	
   1.9950000e+03	   7.0000000e+00	   1.9955420e+03	   3.6164000e+02	   3.6164000e+02	   3.6097000e+02	   2.8000000e+01	
   1.9950000e+03	   8.0000000e+00	   1.9956250e+03	   3.5912000e+02	   3.5912000e+02	   3.6073000e+02	   2.5000000e+01	
   1.9950000e+03	   9.0000000e+00	   1.9957080e+03	   3.5817000e+02	   3.5817000e+02	   3.6155000e+02	   2.4000000e+01	
   1.9950000e+03	   1.0000000e+01	   1.9957920e+03	   3.5799000e+02	   3.5799000e+02	   3.6137000e+02	   2.9000000e+01	
   1.9950000e+03	   1.1000000e+01	   1.9958750e+03	   3.5945000e+02	   3.5945000e+02	   3.6159000e+02	   2.7000000e+01	
   1.9950000e+03	   1.2000000e+01	   1.9959580e+03	   3.6068000e+02	   3.6068000e+02	   3.6153000e+02	   3.0000000e+01	
   1.9960000e+03	   1.0000000e+00	   1.9960420e+03	   3.6207000e+02	   3.6207000e+02	   3.6185000e+02	   2.9000000e+01	
   1.9960000e+03	   2.0000000e+00	   1.9961250e+03	   3.6324000e+02	   3.6324000e+02	   3.6235000e+02	   2.7000000e+01	
   1.9960000e+03	   3.0000000e+00	   1.9962080e+03	   3.6417000e+02	   3.6417000e+02	   3.6253000e+02	   2.7000000e+01	
   1.9960000e+03	   4.0000000e+00	   1.9962920e+03	   3.6457000e+02	   3.6457000e+02	   3.6186000e+02	   2.9000000e+01	
   1.9960000e+03	   5.0000000e+00	   1.9963750e+03	   3.6513000e+02	   3.6513000e+02	   3.6210000e+02	   3.0000000e+01	
   1.9960000e+03	   6.0000000e+00	   1.9964580e+03	   3.6492000e+02	   3.6492000e+02	   3.6269000e+02	   3.0000000e+01	
   1.9960000e+03	   7.0000000e+00	   1.9965420e+03	   3.6355000e+02	   3.6355000e+02	   3.6285000e+02	   3.1000000e+01	
   1.9960000e+03	   8.0000000e+00	   1.9966250e+03	   3.6138000e+02	   3.6138000e+02	   3.6298000e+02	   2.8000000e+01	
   1.9960000e+03	   9.0000000e+00	   1.9967080e+03	   3.5954000e+02	   3.5954000e+02	   3.6299000e+02	   2.5000000e+01	
   1.9960000e+03	   1.0000000e+01	   1.9967920e+03	   3.5958000e+02	   3.5958000e+02	   3.6297000e+02	   2.9000000e+01	
   1.9960000e+03	   1.1000000e+01	   1.9968750e+03	   3.6089000e+02	   3.6089000e+02	   3.6303000e+02	   2.9000000e+01	
   1.9960000e+03	   1.2000000e+01	   1.9969580e+03	   3.6224000e+02	   3.6224000e+02	   3.6308000e+02	   2.9000000e+01	
   1.9970000e+03	   1.0000000e+00	   1.9970420e+03	   3.6309000e+02	   3.6309000e+02	   3.6288000e+02	   3.1000000e+01	
   1.9970000e+03	   2.0000000e+00	   1.9971250e+03	   3.6403000e+02	   3.6403000e+02	   3.6322000e+02	   2.7000000e+01	
   1.9970000e+03	   3.0000000e+00	   1.9972080e+03	   3.6451000e+02	   3.6451000e+02	   3.6288000e+02	   3.1000000e+01	
   1.9970000e+03	   4.0000000e+00	   1.9972920e+03	   3.6635000e+02	   3.6635000e+02	   3.6368000e+02	   2.1000000e+01	
   1.9970000e+03	   5.0000000e+00	   1.9973750e+03	   3.6664000e+02	   3.6664000e+02	   3.6374000e+02	   2.9000000e+01	
   1.9970000e+03	   6.0000000e+00	   1.9974580e+03	   3.6559000e+02	   3.6559000e+02	   3.6341000e+02	   2.7000000e+01	
   1.9970000e+03	   7.0000000e+00	   1.9975420e+03	   3.6431000e+02	   3.6431000e+02	   3.6360000e+02	   2.4000000e+01	
   1.9970000e+03	   8.0000000e+00	   1.9976250e+03	   3.6225000e+02	   3.6225000e+02	   3.6384000e+02	   2.5000000e+01	
   1.9970000e+03	   9.0000000e+00	   1.9977080e+03	   3.6029000e+02	   3.6029000e+02	   3.6368000e+02	   2.6000000e+01	
   1.9970000e+03	   1.0000000e+01	   1.9977920e+03	   3.6082000e+02	   3.6082000e+02	   3.6412000e+02	   2.7000000e+01	
   1.9970000e+03	   1.1000000e+01	   1.9978750e+03	   3.6249000e+02	   3.6249000e+02	   3.6456000e+02	   3.0000000e+01	
   1.9970000e+03	   1.2000000e+01	   1.9979580e+03	   3.6438000e+02	   3.6438000e+02	   3.6515000e+02	   3.0000000e+01	
   1.9980000e+03	   1.0000000e+00	   1.9980420e+03	   3.6527000e+02	   3.6527000e+02	   3.6507000e+02	   3.0000000e+01	
   1.9980000e+03	   2.0000000e+00	   1.9981250e+03	   3.6598000e+02	   3.6598000e+02	   3.6517000e+02	   2.8000000e+01	
   1.9980000e+03	   3.0000000e+00	   1.9982080e+03	   3.6724000e+02	   3.6724000e+02	   3.6560000e+02	   3.1000000e+01	
   1.9980000e+03	   4.0000000e+00	   1.9982920e+03	   3.6866000e+02	   3.6866000e+02	   3.6603000e+02	   2.9000000e+01	
   1.9980000e+03	   5.0000000e+00	   1.9983750e+03	   3.6942000e+02	   3.6942000e+02	   3.6655000e+02	   3.0000000e+01	
   1.9980000e+03	   6.0000000e+00	   1.9984580e+03	   3.6899000e+02	   3.6899000e+02	   3.6680000e+02	   2.8000000e+01	
   1.9980000e+03	   7.0000000e+00	   1.9985420e+03	   3.6782000e+02	   3.6782000e+02	   3.6714000e+02	   2.3000000e+01	
   1.9980000e+03	   8.0000000e+00	   1.9986250e+03	   3.6595000e+02	   3.6595000e+02	   3.6755000e+02	   3.0000000e+01	
   1.9980000e+03	   9.0000000e+00	   1.9987080e+03	   3.6402000e+02	   3.6402000e+02	   3.6737000e+02	   2.8000000e+01	
   1.9980000e+03	   1.0000000e+01	   1.9987920e+03	   3.6440000e+02	   3.6440000e+02	   3.6767000e+02	   3.0000000e+01	
   1.9980000e+03	   1.1000000e+01	   1.9988750e+03	   3.6552000e+02	   3.6552000e+02	   3.6756000e+02	   2.3000000e+01	
   1.9980000e+03	   1.2000000e+01	   1.9989580e+03	   3.6713000e+02	   3.6713000e+02	   3.6788000e+02	   2.6000000e+01	
   1.9990000e+03	   1.0000000e+00	   1.9990420e+03	   3.6818000e+02	   3.6818000e+02	   3.6796000e+02	   2.7000000e+01	
   1.9990000e+03	   2.0000000e+00	   1.9991250e+03	   3.6907000e+02	   3.6907000e+02	   3.6826000e+02	   2.2000000e+01	
   1.9990000e+03	   3.0000000e+00	   1.9992080e+03	   3.6968000e+02	   3.6968000e+02	   3.6808000e+02	   2.5000000e+01	
   1.9990000e+03	   4.0000000e+00	   1.9992920e+03	   3.7099000e+02	   3.7099000e+02	   3.6845000e+02	   2.9000000e+01	
   1.9990000e+03	   5.0000000e+00	   1.9993750e+03	   3.7096000e+02	   3.7096000e+02	   3.6815000e+02	   2.6000000e+01	
   1.9990000e+03	   6.0000000e+00	   1.9994580e+03	   3.7030000e+02	   3.7030000e+02	   3.6813000e+02	   2.6000000e+01	
   1.9990000e+03	   7.0000000e+00	   1.9995420e+03	   3.6945000e+02	   3.6945000e+02	   3.6877000e+02	   2.7000000e+01	
   1.9990000e+03	   8.0000000e+00	   1.9996250e+03	   3.6690000e+02	   3.6690000e+02	   3.6848000e+02	   2.5000000e+01	
   1.9990000e+03	   9.0000000e+00	   1.9997080e+03	   3.6481000e+02	   3.6481000e+02	   3.6814000e+02	   2.8000000e+01	
   1.9990000e+03	   1.0000000e+01	   1.9997920e+03	   3.6537000e+02	   3.6537000e+02	   3.6864000e+02	   3.1000000e+01	
   1.9990000e+03	   1.1000000e+01	   1.9998750e+03	   3.6672000e+02	   3.6672000e+02	   3.6871000e+02	   2.8000000e+01	
   1.9990000e+03	   1.2000000e+01	   1.9999580e+03	   3.6810000e+02	   3.6810000e+02	   3.6877000e+02	   2.6000000e+01	
   2.0000000e+03	   1.0000000e+00	   2.0000420e+03	   3.6929000e+02	   3.6929000e+02	   3.6909000e+02	   2.6000000e+01	
   2.0000000e+03	   2.0000000e+00	   2.0001250e+03	   3.6955000e+02	   3.6955000e+02	   3.6883000e+02	   1.9000000e+01	
   2.0000000e+03	   3.0000000e+00	   2.0002080e+03	   3.7060000e+02	   3.7060000e+02	   3.6909000e+02	   3.0000000e+01	
   2.0000000e+03	   4.0000000e+00	   2.0002920e+03	   3.7182000e+02	   3.7182000e+02	   3.6928000e+02	   2.7000000e+01	
   2.0000000e+03	   5.0000000e+00	   2.0003750e+03	   3.7158000e+02	   3.7158000e+02	   3.6871000e+02	   2.8000000e+01	
   2.0000000e+03	   6.0000000e+00	   2.0004580e+03	   3.7170000e+02	   3.7170000e+02	   3.6950000e+02	   2.8000000e+01	
   2.0000000e+03	   7.0000000e+00	   2.0005420e+03	   3.6986000e+02	   3.6986000e+02	   3.6920000e+02	   2.5000000e+01	
   2.0000000e+03	   8.0000000e+00	   2.0006250e+03	   3.6813000e+02	   3.6813000e+02	   3.6972000e+02	   2.7000000e+01	
   2.0000000e+03	   9.0000000e+00	   2.0007080e+03	   3.6700000e+02	   3.6700000e+02	   3.7030000e+02	   2.6000000e+01	
   2.0000000e+03	   1.0000000e+01	   2.0007920e+03	   3.6703000e+02	   3.6703000e+02	   3.7027000e+02	   3.0000000e+01	
   2.0000000e+03	   1.1000000e+01	   2.0008750e+03	   3.6837000e+02	   3.6837000e+02	   3.7032000e+02	   2.5000000e+01	
   2.0000000e+03	   1.2000000e+01	   2.0009580e+03	   3.6967000e+02	   3.6967000e+02	   3.7030000e+02	   3.0000000e+01	
   2.0010000e+03	   1.0000000e+00	   2.0010420e+03	   3.7059000e+02	   3.7059000e+02	   3.7043000e+02	   3.0000000e+01	
   2.0010000e+03	   2.0000000e+00	   2.0011250e+03	   3.7151000e+02	   3.7151000e+02	   3.7078000e+02	   2.6000000e+01	
   2.0010000e+03	   3.0000000e+00	   2.0012080e+03	   3.7244000e+02	   3.7244000e+02	   3.7088000e+02	   2.6000000e+01	
   2.0010000e+03	   4.0000000e+00	   2.0012920e+03	   3.7337000e+02	   3.7337000e+02	   3.7081000e+02	   2.9000000e+01	
   2.0010000e+03	   5.0000000e+00	   2.0013750e+03	   3.7384000e+02	   3.7384000e+02	   3.7093000e+02	   2.4000000e+01	
   2.0010000e+03	   6.0000000e+00	   2.0014580e+03	   3.7322000e+02	   3.7322000e+02	   3.7099000e+02	   2.6000000e+01	
   2.0010000e+03	   7.0000000e+00	   2.0015420e+03	   3.7151000e+02	   3.7151000e+02	   3.7090000e+02	   2.5000000e+01	
   2.0010000e+03	   8.0000000e+00	   2.0016250e+03	   3.6961000e+02	   3.6961000e+02	   3.7122000e+02	   2.7000000e+01	
   2.0010000e+03	   9.0000000e+00	   2.0017080e+03	   3.6818000e+02	   3.6818000e+02	   3.7144000e+02	   2.8000000e+01	
   2.0010000e+03	   1.0000000e+01	   2.0017920e+03	   3.6845000e+02	   3.6845000e+02	   3.7168000e+02	   3.1000000e+01	
   2.0010000e+03	   1.1000000e+01	   2.0018750e+03	   3.6976000e+02	   3.6976000e+02	   3.7174000e+02	   2.4000000e+01	
   2.0010000e+03	   1.2000000e+01	   2.0019580e+03	   3.7124000e+02	   3.7124000e+02	   3.7192000e+02	   2.9000000e+01	
   2.0020000e+03	   1.0000000e+00	   2.0020420e+03	   3.7253000e+02	   3.7253000e+02	   3.7231000e+02	   2.8000000e+01	
   2.0020000e+03	   2.0000000e+00	   2.0021250e+03	   3.7320000e+02	   3.7320000e+02	   3.7233000e+02	   2.8000000e+01	
   2.0020000e+03	   3.0000000e+00	   2.0022080e+03	   3.7412000e+02	   3.7412000e+02	   3.7244000e+02	   2.4000000e+01	
   2.0020000e+03	   4.0000000e+00	   2.0022920e+03	   3.7502000e+02	   3.7502000e+02	   3.7237000e+02	   2.9000000e+01	
   2.0020000e+03	   5.0000000e+00	   2.0023750e+03	   3.7576000e+02	   3.7576000e+02	   3.7282000e+02	   2.9000000e+01	
   2.0020000e+03	   6.0000000e+00	   2.0024580e+03	   3.7552000e+02	   3.7552000e+02	   3.7330000e+02	   2.8000000e+01	
   2.0020000e+03	   7.0000000e+00	   2.0025420e+03	   3.7401000e+02	   3.7401000e+02	   3.7342000e+02	   2.6000000e+01	
   2.0020000e+03	   8.0000000e+00	   2.0026250e+03	   3.7185000e+02	   3.7185000e+02	   3.7352000e+02	   2.8000000e+01	
   2.0020000e+03	   9.0000000e+00	   2.0027080e+03	   3.7075000e+02	   3.7075000e+02	   3.7411000e+02	   2.3000000e+01	
   2.0020000e+03	   1.0000000e+01	   2.0027920e+03	   3.7055000e+02	   3.7055000e+02	   3.7388000e+02	   3.1000000e+01	
   2.0020000e+03	   1.1000000e+01	   2.0028750e+03	   3.7225000e+02	   3.7225000e+02	   3.7434000e+02	   2.9000000e+01	
   2.0020000e+03	   1.2000000e+01	   2.0029580e+03	   3.7379000e+02	   3.7379000e+02	   3.7453000e+02	   3.1000000e+01	
   2.0030000e+03	   1.0000000e+00	   2.0030420e+03	   3.7488000e+02	   3.7488000e+02	   3.7463000e+02	   3.0000000e+01	
   2.0030000e+03	   2.0000000e+00	   2.0031250e+03	   3.7564000e+02	   3.7564000e+02	   3.7477000e+02	   2.7000000e+01	
   2.0030000e+03	   3.0000000e+00	   2.0032080e+03	   3.7645000e+02	   3.7645000e+02	   3.7480000e+02	   2.8000000e+01	
   2.0030000e+03	   4.0000000e+00	   2.0032920e+03	   3.7773000e+02	   3.7773000e+02	   3.7506000e+02	   2.7000000e+01	
   2.0030000e+03	   5.0000000e+00	   2.0033750e+03	   3.7860000e+02	   3.7860000e+02	   3.7555000e+02	   3.0000000e+01	
   2.0030000e+03	   6.0000000e+00	   2.0034580e+03	   3.7828000e+02	   3.7828000e+02	   3.7604000e+02	   2.5000000e+01	
   2.0030000e+03	   7.0000000e+00	   2.0035420e+03	   3.7670000e+02	   3.7670000e+02	   3.7619000e+02	   2.9000000e+01	
   2.0030000e+03	   8.0000000e+00	   2.0036250e+03	   3.7438000e+02	   3.7438000e+02	   3.7608000e+02	   2.3000000e+01	
   2.0030000e+03	   9.0000000e+00	   2.0037080e+03	   3.7317000e+02	   3.7317000e+02	   3.7648000e+02	   2.5000000e+01	
   2.0030000e+03	   1.0000000e+01	   2.0037920e+03	   3.7315000e+02	   3.7315000e+02	   3.7647000e+02	   3.0000000e+01	
   2.0030000e+03	   1.1000000e+01	   2.0038750e+03	   3.7466000e+02	   3.7466000e+02	   3.7681000e+02	   2.6000000e+01	
   2.0030000e+03	   1.2000000e+01	   2.0039580e+03	   3.7599000e+02	   3.7599000e+02	   3.7675000e+02	   2.7000000e+01	
   2.0040000e+03	   1.0000000e+00	   2.0040420e+03	   3.7700000e+02	   3.7700000e+02	   3.7678000e+02	   3.0000000e+01	
   2.0040000e+03	   2.0000000e+00	   2.0041250e+03	   3.7787000e+02	   3.7787000e+02	   3.7702000e+02	   2.9000000e+01	
   2.0040000e+03	   3.0000000e+00	   2.0042080e+03	   3.7888000e+02	   3.7888000e+02	   3.7723000e+02	   2.8000000e+01	
   2.0040000e+03	   4.0000000e+00	   2.0042920e+03	   3.8035000e+02	   3.8035000e+02	   3.7762000e+02	   2.6000000e+01	
   2.0040000e+03	   5.0000000e+00	   2.0043750e+03	   3.8062000e+02	   3.8062000e+02	   3.7748000e+02	   2.8000000e+01	
   2.0040000e+03	   6.0000000e+00	   2.0044580e+03	   3.7969000e+02	   3.7969000e+02	   3.7739000e+02	   2.1000000e+01	
   2.0040000e+03	   7.0000000e+00	   2.0045420e+03	   3.7747000e+02	   3.7747000e+02	   3.7694000e+02	   2.5000000e+01	
   2.0040000e+03	   8.0000000e+00	   2.0046250e+03	   3.7601000e+02	   3.7601000e+02	   3.7774000e+02	   1.6000000e+01	
   2.0040000e+03	   9.0000000e+00	   2.0047080e+03	   3.7425000e+02	   3.7425000e+02	   3.7762000e+02	   1.5000000e+01	
   2.0040000e+03	   1.0000000e+01	   2.0047920e+03	   3.7446000e+02	   3.7446000e+02	   3.7782000e+02	   2.9000000e+01	
   2.0040000e+03	   1.1000000e+01	   2.0048750e+03	   3.7616000e+02	   3.7616000e+02	   3.7831000e+02	   2.9000000e+01	
   2.0040000e+03	   1.2000000e+01	   2.0049580e+03	   3.7751000e+02	   3.7751000e+02	   3.7831000e+02	   3.0000000e+01	
   2.0050000e+03	   1.0000000e+00	   2.0050420e+03	   3.7846000e+02	   3.7846000e+02	   3.7821000e+02	   3.1000000e+01	
   2.0050000e+03	   2.0000000e+00	   2.0051250e+03	   3.7973000e+02	   3.7973000e+02	   3.7893000e+02	   2.4000000e+01	
   2.0050000e+03	   3.0000000e+00	   2.0052080e+03	   3.8077000e+02	   3.8077000e+02	   3.7927000e+02	   2.6000000e+01	
   2.0050000e+03	   4.0000000e+00	   2.0052920e+03	   3.8229000e+02	   3.8229000e+02	   3.7965000e+02	   2.6000000e+01	
   2.0050000e+03	   5.0000000e+00	   2.0053750e+03	   3.8245000e+02	   3.8245000e+02	   3.7931000e+02	   3.1000000e+01	
   2.0050000e+03	   6.0000000e+00	   2.0054580e+03	   3.8221000e+02	   3.8221000e+02	   3.7988000e+02	   2.8000000e+01	
   2.0050000e+03	   7.0000000e+00	   2.0055420e+03	   3.8074000e+02	   3.8074000e+02	   3.8018000e+02	   2.9000000e+01	
   2.0050000e+03	   8.0000000e+00	   2.0056250e+03	   3.7874000e+02	   3.7874000e+02	   3.8042000e+02	   2.6000000e+01	
   2.0050000e+03	   9.0000000e+00	   2.0057080e+03	   3.7670000e+02	   3.7670000e+02	   3.8001000e+02	   2.6000000e+01	
   2.0050000e+03	   1.0000000e+01	   2.0057920e+03	   3.7700000e+02	   3.7700000e+02	   3.8031000e+02	   1.4000000e+01	
   2.0050000e+03	   1.1000000e+01	   2.0058750e+03	   3.7835000e+02	   3.7835000e+02	   3.8050000e+02	   2.3000000e+01	
   2.0050000e+03	   1.2000000e+01	   2.0059580e+03	   3.8011000e+02	   3.8011000e+02	   3.8090000e+02	   2.6000000e+01	
   2.0060000e+03	   1.0000000e+00	   2.0060420e+03	   3.8138000e+02	   3.8138000e+02	   3.8114000e+02	   2.4000000e+01	
   2.0060000e+03	   2.0000000e+00	   2.0061250e+03	   3.8220000e+02	   3.8220000e+02	   3.8139000e+02	   2.5000000e+01	
   2.0060000e+03	   3.0000000e+00	   2.0062080e+03	   3.8267000e+02	   3.8267000e+02	   3.8114000e+02	   3.0000000e+01	
   2.0060000e+03	   4.0000000e+00	   2.0062920e+03	   3.8461000e+02	   3.8461000e+02	   3.8191000e+02	   2.5000000e+01	
   2.0060000e+03	   5.0000000e+00	   2.0063750e+03	   3.8503000e+02	   3.8503000e+02	   3.8187000e+02	   2.4000000e+01	
   2.0060000e+03	   6.0000000e+00	   2.0064580e+03	   3.8405000e+02	   3.8405000e+02	   3.8175000e+02	   2.8000000e+01	
   2.0060000e+03	   7.0000000e+00	   2.0065420e+03	   3.8246000e+02	   3.8246000e+02	   3.8191000e+02	   2.4000000e+01	
   2.0060000e+03	   8.0000000e+00	   2.0066250e+03	   3.8041000e+02	   3.8041000e+02	   3.8208000e+02	   2.7000000e+01	
   2.0060000e+03	   9.0000000e+00	   2.0067080e+03	   3.7885000e+02	   3.7885000e+02	   3.8216000e+02	   2.7000000e+01	
   2.0060000e+03	   1.0000000e+01	   2.0067920e+03	   3.7913000e+02	   3.7913000e+02	   3.8246000e+02	   2.3000000e+01	
   2.0060000e+03	   1.1000000e+01	   2.0068750e+03	   3.8015000e+02	   3.8015000e+02	   3.8233000e+02	   2.9000000e+01	
   2.0060000e+03	   1.2000000e+01	   2.0069580e+03	   3.8182000e+02	   3.8182000e+02	   3.8264000e+02	   2.7000000e+01	
   2.0070000e+03	   1.0000000e+00	   2.0070420e+03	   3.8289000e+02	   3.8289000e+02	   3.8267000e+02	   2.4000000e+01	
   2.0070000e+03	   2.0000000e+00	   2.0071250e+03	   3.8390000e+02	   3.8390000e+02	   3.8301000e+02	   2.1000000e+01	
   2.0070000e+03	   3.0000000e+00	   2.0072080e+03	   3.8458000e+02	   3.8458000e+02	   3.8294000e+02	   2.6000000e+01	
   2.0070000e+03	   4.0000000e+00	   2.0072920e+03	   3.8650000e+02	   3.8650000e+02	   3.8371000e+02	   2.6000000e+01	
   2.0070000e+03	   5.0000000e+00	   2.0073750e+03	   3.8656000e+02	   3.8656000e+02	   3.8334000e+02	   2.9000000e+01	
   2.0070000e+03	   6.0000000e+00	   2.0074580e+03	   3.8610000e+02	   3.8610000e+02	   3.8384000e+02	   2.6000000e+01	
   2.0070000e+03	   7.0000000e+00	   2.0075420e+03	   3.8450000e+02	   3.8450000e+02	   3.8402000e+02	   2.7000000e+01	
   2.0070000e+03	   8.0000000e+00	   2.0076250e+03	   3.8199000e+02	   3.8199000e+02	   3.8370000e+02	   2.2000000e+01	
   2.0070000e+03	   9.0000000e+00	   2.0077080e+03	   3.8096000e+02	   3.8096000e+02	   3.8432000e+02	   2.1000000e+01	
   2.0070000e+03	   1.0000000e+01	   2.0077920e+03	   3.8112000e+02	   3.8112000e+02	   3.8447000e+02	   2.9000000e+01	
   2.0070000e+03	   1.1000000e+01	   2.0078750e+03	   3.8245000e+02	   3.8245000e+02	   3.8465000e+02	   3.0000000e+01	
   2.0070000e+03	   1.2000000e+01	   2.0079580e+03	   3.8394000e+02	   3.8394000e+02	   3.8483000e+02	   2.1000000e+01	
   2.0080000e+03	   1.0000000e+00	   2.0080420e+03	   3.8552000e+02	   3.8552000e+02	   3.8528000e+02	   3.1000000e+01	
   2.0080000e+03	   2.0000000e+00	   2.0081250e+03	   3.8582000e+02	   3.8582000e+02	   3.8496000e+02	   2.6000000e+01	
   2.0080000e+03	   3.0000000e+00	   2.0082080e+03	   3.8603000e+02	   3.8603000e+02	   3.8448000e+02	   3.0000000e+01	
   2.0080000e+03	   4.0000000e+00	   2.0082920e+03	   3.8721000e+02	   3.8721000e+02	   3.8458000e+02	   2.4000000e+01	
   2.0080000e+03	   5.0000000e+00	   2.0083750e+03	   3.8854000e+02	   3.8854000e+02	   3.8545000e+02	   2.5000000e+01	
   2.0080000e+03	   6.0000000e+00	   2.0084580e+03	   3.8776000e+02	   3.8776000e+02	   3.8546000e+02	   2.3000000e+01	
   2.0080000e+03	   7.0000000e+00	   2.0085420e+03	   3.8636000e+02	   3.8636000e+02	   3.8580000e+02	   1.0000000e+01	
   2.0080000e+03	   8.0000000e+00	   2.0086250e+03	   3.8409000e+02	   3.8409000e+02	   3.8575000e+02	   2.5000000e+01	
   2.0080000e+03	   9.0000000e+00	   2.0087080e+03	   3.8318000e+02	   3.8318000e+02	   3.8646000e+02	   2.7000000e+01	
   2.0080000e+03	   1.0000000e+01	   2.0087920e+03	   3.8299000e+02	   3.8299000e+02	   3.8627000e+02	   2.3000000e+01	
   2.0080000e+03	   1.1000000e+01	   2.0088750e+03	   3.8419000e+02	   3.8419000e+02	   3.8637000e+02	   2.8000000e+01	
   2.0080000e+03	   1.2000000e+01	   2.0089580e+03	   3.8556000e+02	   3.8556000e+02	   3.8641000e+02	   2.9000000e+01	
   2.0090000e+03	   1.0000000e+00	   2.0090420e+03	   3.8694000e+02	   3.8694000e+02	   3.8663000e+02	   3.0000000e+01	
   2.0090000e+03	   2.0000000e+00	   2.0091250e+03	   3.8748000e+02	   3.8748000e+02	   3.8659000e+02	   2.6000000e+01	
   2.0090000e+03	   3.0000000e+00	   2.0092080e+03	   3.8882000e+02	   3.8882000e+02	   3.8732000e+02	   2.8000000e+01	
   2.0090000e+03	   4.0000000e+00	   2.0092920e+03	   3.8955000e+02	   3.8955000e+02	   3.8692000e+02	   2.9000000e+01	
   2.0090000e+03	   5.0000000e+00	   2.0093750e+03	   3.9014000e+02	   3.9014000e+02	   3.8702000e+02	   3.0000000e+01	
   2.0090000e+03	   6.0000000e+00	   2.0094580e+03	   3.8948000e+02	   3.8948000e+02	   3.8724000e+02	   2.9000000e+01	
   2.0090000e+03	   7.0000000e+00	   2.0095420e+03	   3.8803000e+02	   3.8803000e+02	   3.8755000e+02	   2.2000000e+01	
   2.0090000e+03	   8.0000000e+00	   2.0096250e+03	   3.8611000e+02	   3.8611000e+02	   3.8780000e+02	   2.7000000e+01	
   2.0090000e+03	   9.0000000e+00	   2.0097080e+03	   3.8474000e+02	   3.8474000e+02	   3.8801000e+02	   2.8000000e+01	
   2.0090000e+03	   1.0000000e+01	   2.0097920e+03	   3.8443000e+02	   3.8443000e+02	   3.8768000e+02	   3.0000000e+01	
   2.0090000e+03	   1.1000000e+01	   2.0098750e+03	   3.8602000e+02	   3.8602000e+02	   3.8816000e+02	   3.0000000e+01	
   2.0090000e+03	   1.2000000e+01	   2.0099580e+03	   3.8742000e+02	   3.8742000e+02	   3.8823000e+02	   2.0000000e+01	
   2.0100000e+03	   1.0000000e+00	   2.0100420e+03	   3.8871000e+02	   3.8871000e+02	   3.8841000e+02	   3.0000000e+01	
   2.0100000e+03	   2.0000000e+00	   2.0101250e+03	   3.9020000e+02	   3.9020000e+02	   3.8926000e+02	   2.0000000e+01	
   2.0100000e+03	   3.0000000e+00	   2.0102080e+03	   3.9117000e+02	   3.9117000e+02	   3.8965000e+02	   2.5000000e+01	
   2.0100000e+03	   4.0000000e+00	   2.0102920e+03	   3.9246000e+02	   3.9246000e+02	   3.8989000e+02	   2.6000000e+01	
   2.0100000e+03	   5.0000000e+00	   2.0103750e+03	   3.9300000e+02	   3.9300000e+02	   3.8988000e+02	   2.8000000e+01	
   2.0100000e+03	   6.0000000e+00	   2.0104580e+03	   3.9215000e+02	   3.9215000e+02	   3.8989000e+02	   2.8000000e+01	
   2.0100000e+03	   7.0000000e+00	   2.0105420e+03	   3.9020000e+02	   3.9020000e+02	   3.8972000e+02	   2.9000000e+01	
   2.0100000e+03	   8.0000000e+00	   2.0106250e+03	   3.8835000e+02	   3.8835000e+02	   3.9001000e+02	   2.6000000e+01	
   2.0100000e+03	   9.0000000e+00	   2.0107080e+03	   3.8685000e+02	   3.8685000e+02	   3.9014000e+02	   2.9000000e+01	
   2.0100000e+03	   1.0000000e+01	   2.0107920e+03	   3.8724000e+02	   3.8724000e+02	   3.9053000e+02	   3.1000000e+01	
   2.0100000e+03	   1.1000000e+01	   2.0108750e+03	   3.8867000e+02	   3.8867000e+02	   3.9079000e+02	   2.8000000e+01	
   2.0100000e+03	   1.2000000e+01	   2.0109580e+03	   3.8979000e+02	   3.8979000e+02	   3.9060000e+02	   2.9000000e+01	
   2.0110000e+03	   1.0000000e+00	   2.0110420e+03	   3.9133000e+02	   3.9133000e+02	   3.9103000e+02	   2.9000000e+01	
   2.0110000e+03	   2.0000000e+00	   2.0111250e+03	   3.9186000e+02	   3.9186000e+02	   3.9094000e+02	   2.8000000e+01	
   2.0110000e+03	   3.0000000e+00	   2.0112080e+03	   3.9260000e+02	   3.9260000e+02	   3.9107000e+02	   2.9000000e+01	
   2.0110000e+03	   4.0000000e+00	   2.0112920e+03	   3.9325000e+02	   3.9325000e+02	   3.9063000e+02	   2.8000000e+01	
   2.0110000e+03	   5.0000000e+00	   2.0113750e+03	   3.9419000e+02	   3.9419000e+02	   3.9102000e+02	   3.0000000e+01	
   2.0110000e+03	   6.0000000e+00	   2.0114580e+03	   3.9374000e+02	   3.9374000e+02	   3.9144000e+02	   2.8000000e+01	
   2.0110000e+03	   7.0000000e+00	   2.0115420e+03	   3.9251000e+02	   3.9251000e+02	   3.9203000e+02	   2.6000000e+01	
   2.0110000e+03	   8.0000000e+00	   2.0116250e+03	   3.9013000e+02	   3.9013000e+02	   3.9183000e+02	   2.7000000e+01	
   2.0110000e+03	   9.0000000e+00	   2.0117080e+03	   3.8908000e+02	   3.8908000e+02	   3.9240000e+02	   2.6000000e+01	
   2.0110000e+03	   1.0000000e+01	   2.0117920e+03	   3.8900000e+02	   3.8900000e+02	   3.9233000e+02	   3.1000000e+01	
   2.0110000e+03	   1.1000000e+01	   2.0118750e+03	   3.9028000e+02	   3.9028000e+02	   3.9243000e+02	   2.8000000e+01	
   2.0110000e+03	   1.2000000e+01	   2.0119580e+03	   3.9186000e+02	   3.9186000e+02	   3.9267000e+02	   2.8000000e+01	
   2.0120000e+03	   1.0000000e+00	   2.0120420e+03	   3.9312000e+02	   3.9312000e+02	   3.9288000e+02	   3.0000000e+01	
   2.0120000e+03	   2.0000000e+00	   2.0121250e+03	   3.9386000e+02	   3.9386000e+02	   3.9303000e+02	   2.6000000e+01	
   2.0120000e+03	   3.0000000e+00	   2.0122080e+03	   3.9440000e+02	   3.9440000e+02	   3.9281000e+02	   3.0000000e+01	
   2.0120000e+03	   4.0000000e+00	   2.0122920e+03	   3.9618000e+02	   3.9618000e+02	   3.9346000e+02	   2.9000000e+01	
   2.0120000e+03	   5.0000000e+00	   2.0123750e+03	   3.9674000e+02	   3.9674000e+02	   3.9354000e+02	   3.0000000e+01	
   2.0120000e+03	   6.0000000e+00	   2.0124580e+03	   3.9571000e+02	   3.9571000e+02	   3.9344000e+02	   2.8000000e+01	
   2.0120000e+03	   7.0000000e+00	   2.0125420e+03	   3.9436000e+02	   3.9436000e+02	   3.9392000e+02	   2.6000000e+01	
   2.0120000e+03	   8.0000000e+00	   2.0126250e+03	   3.9239000e+02	   3.9239000e+02	   3.9417000e+02	   3.0000000e+01	
   2.0120000e+03	   9.0000000e+00	   2.0127080e+03	   3.9111000e+02	   3.9111000e+02	   3.9454000e+02	   2.7000000e+01	
   2.0120000e+03	   1.0000000e+01	   2.0127920e+03	   3.9105000e+02	   3.9105000e+02	   3.9441000e+02	   2.8000000e+01	
   2.0120000e+03	   1.1000000e+01	   2.0128750e+03	   3.9298000e+02	   3.9298000e+02	   3.9501000e+02	   2.9000000e+01	
   2.0120000e+03	   1.2000000e+01	   2.0129580e+03	   3.9434000e+02	   3.9434000e+02	   3.9504000e+02	   2.9000000e+01	
   2.0130000e+03	   1.0000000e+00	   2.0130420e+03	   3.9555000e+02	   3.9555000e+02	   3.9540000e+02	   2.8000000e+01	
   2.0130000e+03	   2.0000000e+00	   2.0131250e+03	   3.9680000e+02	   3.9680000e+02	   3.9601000e+02	   2.5000000e+01	
   2.0130000e+03	   3.0000000e+00	   2.0132080e+03	   3.9743000e+02	   3.9743000e+02	   3.9585000e+02	   3.0000000e+01	
   2.0130000e+03	   4.0000000e+00	   2.0132920e+03	   3.9841000e+02	   3.9841000e+02	   3.9556000e+02	   2.2000000e+01	
   2.0130000e+03	   5.0000000e+00	   2.0133750e+03	   3.9978000e+02	   3.9978000e+02	   3.9641000e+02	   2.8000000e+01	
   2.0130000e+03	   6.0000000e+00	   2.0134580e+03	   3.9860000e+02	   3.9860000e+02	   3.9628000e+02	   2.6000000e+01	
   2.0130000e+03	   7.0000000e+00	   2.0135420e+03	   3.9732000e+02	   3.9732000e+02	   3.9693000e+02	   2.1000000e+01	
   2.0130000e+03	   8.0000000e+00	   2.0136250e+03	   3.9520000e+02	   3.9520000e+02	   3.9708000e+02	   2.7000000e+01	
   2.0130000e+03	   9.0000000e+00	   2.0137080e+03	   3.9345000e+02	   3.9345000e+02	   3.9698000e+02	   2.7000000e+01	
   2.0130000e+03	   1.0000000e+01	   2.0137920e+03	   3.9370000e+02	   3.9370000e+02	   3.9703000e+02	   2.8000000e+01	
   2.0130000e+03	   1.1000000e+01	   2.0138750e+03	   3.9516000e+02	   3.9516000e+02	   3.9714000e+02	   3.0000000e+01	
   2.0130000e+03	   1.2000000e+01	   2.0139580e+03	   3.9684000e+02	   3.9684000e+02	   3.9759000e+02	   3.0000000e+01	
   2.0140000e+03	   1.0000000e+00	   2.0140420e+03	   3.9785000e+02	   3.9785000e+02	   3.9755000e+02	   3.1000000e+01	
   2.0140000e+03	   2.0000000e+00	   2.0141250e+03	   3.9801000e+02	   3.9801000e+02	   3.9720000e+02	   2.6000000e+01	
   2.0140000e+03	   3.0000000e+00	   2.0142080e+03	   3.9971000e+02	   3.9971000e+02	   3.9820000e+02	   2.2000000e+01	
   2.0140000e+03	   4.0000000e+00	   2.0142920e+03	   4.0133000e+02	   4.0133000e+02	   3.9846000e+02	   2.7000000e+01	
   2.0140000e+03	   5.0000000e+00	   2.0143750e+03	   4.0178000e+02	   4.0178000e+02	   3.9838000e+02	   2.2000000e+01	
   2.0140000e+03	   6.0000000e+00	   2.0144580e+03	   4.0125000e+02	   4.0125000e+02	   3.9892000e+02	   2.8000000e+01	
   2.0140000e+03	   7.0000000e+00	   2.0145420e+03	   3.9911000e+02	   3.9911000e+02	   3.9867000e+02	   2.5000000e+01	
   2.0140000e+03	   8.0000000e+00	   2.0146250e+03	   3.9703000e+02	   3.9703000e+02	   3.9891000e+02	   2.1000000e+01	
   2.0140000e+03	   9.0000000e+00	   2.0147080e+03	   3.9538000e+02	   3.9538000e+02	   3.9896000e+02	   2.1000000e+01	
   2.0140000e+03	   1.0000000e+01	   2.0147920e+03	   3.9607000e+02	   3.9607000e+02	   3.9947000e+02	   2.5000000e+01	
   2.0140000e+03	   1.1000000e+01	   2.0148750e+03	   3.9728000e+02	   3.9728000e+02	   3.9936000e+02	   2.7000000e+01	
   2.0140000e+03	   1.2000000e+01	   2.0149580e+03	   3.9891000e+02	   3.9891000e+02	   3.9964000e+02	   2.9000000e+01	
   2.0150000e+03	   1.0000000e+00	   2.0150420e+03	   3.9998000e+02	   3.9998000e+02	   3.9973000e+02	   3.0000000e+01	
   2.0150000e+03	   2.0000000e+00	   2.0151250e+03	   4.0035000e+02	   4.0035000e+02	   3.9958000e+02	   2.7000000e+01	
   2.0150000e+03	   3.0000000e+00	   2.0152080e+03	   4.0152000e+02	   4.0152000e+02	   4.0002000e+02	   2.5000000e+01	
   2.0150000e+03	   4.0000000e+00	   2.0152920e+03	   4.0315000e+02	   4.0315000e+02	   4.0027000e+02	   2.6000000e+01	
   2.0150000e+03	   5.0000000e+00	   2.0153750e+03	   4.0396000e+02	   4.0396000e+02	   4.0051000e+02	   3.0000000e+01	
   2.0150000e+03	   6.0000000e+00	   2.0154580e+03	   4.0280000e+02	   4.0280000e+02	   4.0048000e+02	   2.9000000e+01	
   2.0150000e+03	   7.0000000e+00	   2.0155420e+03	   4.0129000e+02	   4.0129000e+02	   4.0092000e+02	   2.4000000e+01	
   2.0150000e+03	   8.0000000e+00	   2.0156250e+03	   3.9893000e+02	   3.9893000e+02	   4.0085000e+02	   2.8000000e+01	
   2.0150000e+03	   9.0000000e+00	   2.0157080e+03	   3.9763000e+02	   3.9763000e+02	   4.0125000e+02	   2.5000000e+01	
   2.0150000e+03	   1.0000000e+01	   2.0157920e+03	   3.9829000e+02	   3.9829000e+02	   4.0168000e+02	   2.8000000e+01	
   2.0150000e+03	   1.1000000e+01	   2.0158750e+03	   4.0016000e+02	   4.0016000e+02	   4.0211000e+02	   2.7000000e+01	
   2.0150000e+03	   1.2000000e+01	   2.0159580e+03	   4.0185000e+02	   4.0185000e+02	   4.0251000e+02	   3.0000000e+01	
   2.0160000e+03	   1.0000000e+00	   2.0160420e+03	   4.0250000e+02	   4.0250000e+02	   4.0223000e+02	   2.6000000e+01	
   2.0160000e+03	   2.0000000e+00	   2.0161250e+03	   4.0407000e+02	   4.0407000e+02	   4.0324000e+02	   2.5000000e+01	
   2.0160000e+03	   3.0000000e+00	   2.0162080e+03	   4.0487000e+02	   4.0487000e+02	   4.0338000e+02	   2.8000000e+01	
   2.0160000e+03	   4.0000000e+00	   2.0162920e+03	   4.0743000e+02	   4.0743000e+02	   4.0460000e+02	   2.4000000e+01	
   2.0160000e+03	   5.0000000e+00	   2.0163750e+03	   4.0772000e+02	   4.0772000e+02	   4.0423000e+02	   2.9000000e+01	
   2.0160000e+03	   6.0000000e+00	   2.0164580e+03	   4.0681000e+02	   4.0681000e+02	   4.0441000e+02	   2.6000000e+01	
   2.0160000e+03	   7.0000000e+00	   2.0165420e+03	   4.0440000e+02	   4.0440000e+02	   4.0405000e+02	   2.8000000e+01	
   2.0160000e+03	   8.0000000e+00	   2.0166250e+03	   4.0226000e+02	   4.0226000e+02	   4.0421000e+02	   2.4000000e+01	
   2.0160000e+03	   9.0000000e+00	   2.0167080e+03	   4.0105000e+02	   4.0105000e+02	   4.0467000e+02	   2.4000000e+01	
   2.0160000e+03	   1.0000000e+01	   2.0167920e+03	   4.0160000e+02	   4.0160000e+02	   4.0503000e+02	   2.9000000e+01	
   2.0160000e+03	   1.1000000e+01	   2.0168750e+03	   4.0353000e+02	   4.0353000e+02	   4.0553000e+02	   2.7000000e+01	
   2.0160000e+03	   1.2000000e+01	   2.0169580e+03	   4.0444000e+02	   4.0444000e+02	   4.0513000e+02	   2.9000000e+01	
   2.0170000e+03	   1.0000000e+00	   2.0170420e+03	   4.0617000e+02	   4.0617000e+02	   4.0588000e+02	   2.7000000e+01	
   2.0170000e+03	   2.0000000e+00	   2.0171250e+03	   4.0647000e+02	   4.0647000e+02	   4.0561000e+02	   2.6000000e+01	
   2.0170000e+03	   3.0000000e+00	   2.0172080e+03	   4.0723000e+02	   4.0723000e+02	   4.0576000e+02	   2.3000000e+01	
   2.0170000e+03	   4.0000000e+00	   2.0172920e+03	   4.0903000e+02	   4.0903000e+02	   4.0623000e+02	   2.6000000e+01	
   2.0170000e+03	   5.0000000e+00	   2.0173750e+03	   4.0969000e+02	   4.0969000e+02	   4.0620000e+02	   2.7000000e+01	
   2.0170000e+03	   6.0000000e+00	   2.0174580e+03	   4.0889000e+02	   4.0889000e+02	   4.0649000e+02	   2.6000000e+01	
   2.0170000e+03	   7.0000000e+00	   2.0175420e+03	   4.0713000e+02	   4.0713000e+02	   4.0679000e+02	   2.8000000e+01	
   2.0170000e+03	   8.0000000e+00	   2.0176250e+03	   4.0512000e+02	   4.0512000e+02	   4.0704000e+02	   2.9000000e+01	
   2.0170000e+03	   9.0000000e+00	   2.0177080e+03	   4.0337000e+02	   4.0337000e+02	   4.0697000e+02	   2.6000000e+01	
   2.0170000e+03	   1.0000000e+01	   2.0177920e+03	   4.0363000e+02	   4.0363000e+02	   4.0706000e+02	   2.7000000e+01	
   2.0170000e+03	   1.1000000e+01	   2.0178750e+03	   4.0512000e+02	   4.0512000e+02	   4.0712000e+02	   2.6000000e+01	
   2.0170000e+03	   1.2000000e+01	   2.0179580e+03	   4.0681000e+02	   4.0681000e+02	   4.0750000e+02	   3.1000000e+01	
   2.0180000e+03	   1.0000000e+00	   2.0180420e+03	   4.0796000e+02	   4.0796000e+02	   4.0766000e+02	   2.9000000e+01	
   2.0180000e+03	   2.0000000e+00	   2.0181250e+03	   4.0832000e+02	   4.0832000e+02	   4.0747000e+02	   2.8000000e+01	
   2.0180000e+03	   3.0000000e+00	   2.0182080e+03	   4.0939000e+02	   4.0939000e+02	   4.0792000e+02	   2.9000000e+01	
   2.0180000e+03	   4.0000000e+00	   2.0182920e+03	   4.1025000e+02	   4.1025000e+02	   4.0746000e+02	   2.1000000e+01	
   2.0180000e+03	   5.0000000e+00	   2.0183750e+03	   4.1124000e+02	   4.1124000e+02	   4.0775000e+02	   2.4000000e+01	
   2.0180000e+03	   6.0000000e+00	   2.0184580e+03	   4.1079000e+02	   4.1079000e+02	   4.0840000e+02	   2.9000000e+01	
   2.0180000e+03	   7.0000000e+00	   2.0185420e+03	   4.0870000e+02	   4.0870000e+02	   4.0836000e+02	   2.7000000e+01	
   2.0180000e+03	   8.0000000e+00	   2.0186250e+03	   4.0697000e+02	   4.0697000e+02	   4.0889000e+02	   3.1000000e+01	
   2.0180000e+03	   9.0000000e+00	   2.0187080e+03	   4.0552000e+02	   4.0552000e+02	   4.0912000e+02	   2.9000000e+01	
   2.0180000e+03	   1.0000000e+01	   2.0187920e+03	   4.0600000e+02	   4.0600000e+02	   4.0943000e+02	   3.0000000e+01	
   2.0180000e+03	   1.1000000e+01	   2.0188750e+03	   4.0802000e+02	   4.0802000e+02	   4.1002000e+02	   2.4000000e+01	
   2.0180000e+03	   1.2000000e+01	   2.0189580e+03	   4.0908000e+02	   4.0908000e+02	   4.0976000e+02	   3.0000000e+01	
   2.0190000e+03	   1.0000000e+00	   2.0190420e+03	   4.1083000e+02	   4.1083000e+02	   4.1053000e+02	   2.6000000e+01	
   2.0190000e+03	   2.0000000e+00	   2.0191250e+03	   4.1175000e+02	   4.1175000e+02	   4.1089000e+02	   2.7000000e+01	
   2.0190000e+03	   3.0000000e+00	   2.0192080e+03	   4.1197000e+02	   4.1197000e+02	   4.1050000e+02	   2.8000000e+01	
   2.0190000e+03	   4.0000000e+00	   2.0192920e+03	   4.1333000e+02	   4.1333000e+02	   4.1053000e+02	   2.7000000e+01	
   2.0190000e+03	   5.0000000e+00	   2.0193750e+03	   4.1464000e+02	   4.1464000e+02	   4.1115000e+02	   2.8000000e+01	
   2.0190000e+03	   6.0000000e+00	   2.0194580e+03	   4.1393000e+02	   4.1393000e+02	   4.1153000e+02	   2.7000000e+01	
   2.0190000e+03	   7.0000000e+00	   2.0195420e+03	   4.1174000e+02	   4.1174000e+02	   4.1139000e+02	   2.5000000e+01	
   2.0190000e+03	   8.0000000e+00	   2.0196250e+03	   4.0995000e+02	   4.0995000e+02	   4.1187000e+02	   2.9000000e+01	
   2.0190000e+03	   9.0000000e+00	   2.0197080e+03	   4.0854000e+02	   4.0854000e+02	   4.1215000e+02	   2.9000000e+01	
   2.0190000e+03	   1.0000000e+01	   2.0197920e+03	   4.0852000e+02	   4.0852000e+02	   4.1196000e+02	   2.9000000e+01	
   2.0190000e+03	   1.1000000e+01	   2.0198750e+03	   4.1025000e+02	   4.1025000e+02	   4.1226000e+02	   2.6000000e+01	
   2.0190000e+03	   1.2000000e+01	   2.0199580e+03	   4.1176000e+02	   4.1176000e+02	   4.1244000e+02	   3.1000000e+01	
   2.0200000e+03	   1.0000000e+00	   2.0200420e+03	   4.1339000e+02	   4.1339000e+02	   4.1309000e+02	   2.9000000e+01	
   2.0200000e+03	   2.0000000e+00	   2.0201250e+03	   4.1411000e+02	   4.1411000e+02	   4.1326000e+02	   2.8000000e+01	
   2.0200000e+03	   3.0000000e+00	   2.0202080e+03	   4.1451000e+02	   4.1451000e+02	   4.1304000e+02	   2.6000000e+01	
   2.0200000e+03	   4.0000000e+00	   2.0202920e+03	   4.1621000e+02	   4.1621000e+02	   4.1342000e+02	   2.8000000e+01	
   2.0200000e+03	   5.0000000e+00	   2.0203750e+03	   4.1707000e+02	   4.1707000e+02	   4.1358000e+02	   2.7000000e+01	
   2.0200000e+03	   6.0000000e+00	   2.0204580e+03	   4.1638000e+02	   4.1638000e+02	   4.1399000e+02	   2.7000000e+01	
   2.0200000e+03	   7.0000000e+00	   2.0205420e+03	   4.1438000e+02	   4.1438000e+02	   4.1404000e+02	   3.1000000e+01	
   2.0200000e+03	   8.0000000e+00	   2.0206250e+03	   4.1255000e+02	   4.1255000e+02	   4.1448000e+02	   2.5000000e+01	
